real_name,din_pbias,din_2009,din_2010,din_2011,din_2012,din_2013,din_2014,din_2015,din_2016,din_2017
0,-1.46382,1.73209,1.83186,1.68139,1.74075,1.74471,1.26561,1.61683,1.80483,1.15092
1,11.7457,1.67087,1.90571,1.69936,1.70382,1.86351,1.26551,1.36007,1.63015,1.1015
2,10.1922,1.66349,1.95664,1.67051,1.7491,1.91948,1.30667,1.56418,1.50322,1.05482
3,-0.615274,1.85073,2.12168,1.72314,1.73814,1.86617,1.35774,1.68064,1.74949,1.18944
4,6.45743,1.70849,1.84852,1.79961,1.70485,1.77222,1.28767,1.65006,1.70068,1.16342
5,6.24049,1.85812,2.10518,1.73688,1.57581,1.8353,1.2093,1.60225,1.60977,0.995946
6,11.2422,1.56368,1.86705,1.49742,1.8932,1.6646,1.40782,1.57987,1.79843,1.17935
7,-10.3745,1.71313,1.81276,1.67497,1.78185,1.77089,1.36473,1.85202,1.73448,0.862072
8,18.6225,1.53177,2.09483,1.66789,1.75989,1.76637,1.24286,1.71746,1.67405,1.23321
9,-3.58203,1.73133,2.03485,1.58883,1.70298,1.80927,1.27916,1.60834,1.83194,0.929604
10,-3.15325,1.68587,1.94532,1.76194,1.76176,1.84892,1.3318,1.5713,1.56516,1.17531
11,7.85215,1.69159,2.03179,1.6156,1.60057,1.7247,1.20188,1.58516,1.74474,1.1616
12,15.4308,1.68514,2.00686,1.58206,1.6089,1.64911,1.30553,1.53721,1.69829,0.936705
13,10.1014,1.63185,2.04178,1.74557,1.62081,1.64516,1.29287,1.68535,1.84713,1.05232
14,-3.95067,1.55204,2.07966,1.63779,1.78525,1.69131,1.31464,1.67821,1.68962,1.2111
15,1.37044,1.61885,1.98459,1.63645,1.89608,1.71863,1.34276,1.55691,1.79835,1.13655
16,-5.84821,1.68113,2.12755,1.62851,1.6967,1.75231,1.50308,1.69341,1.829,1.07368
17,10.1566,1.82487,1.99262,1.63199,1.75437,1.67891,1.38049,1.54474,1.79536,1.10489
18,18.2362,1.63606,2.02212,1.60965,1.8395,1.65922,1.31769,1.55518,1.62767,1.03451
19,5.27725,1.5976,1.88772,1.60436,1.73174,1.62251,1.21369,1.67578,1.65931,1.18917
20,-2.93951,1.72454,2.10172,1.57436,1.69695,1.69464,1.39109,1.55037,1.71004,1.13985
21,-8.16183,1.69894,1.92093,1.76025,1.69285,1.73214,1.27682,1.74774,1.57709,1.0968
22,-1.04689,1.73734,1.94751,1.85191,1.5565,1.98475,1.23424,1.52074,1.71567,1.38071
23,-8.27822,1.78863,1.8967,1.5342,1.81579,1.73428,1.42812,1.47911,1.76564,1.06713
24,-1.22258,1.78158,1.91487,1.67407,1.65953,1.49764,1.19291,1.59341,1.84351,1.22316
25,-12.3476,1.68324,1.96083,1.70309,1.82942,1.74991,1.21989,1.59565,1.80697,1.10798
26,8.86887,1.66792,1.88334,1.63743,1.73385,1.76127,1.22743,1.63425,1.79479,1.12588
27,4.37742,1.72533,2.02407,1.54977,1.94479,1.88049,1.3074,1.52475,1.78274,1.0713
28,4.61384,1.67962,1.96814,1.70493,1.83658,1.83519,1.27775,1.78225,2.01092,1.12846
29,-7.99365,1.61189,1.95312,1.58247,1.8189,1.86923,1.40087,1.62339,1.5678,1.1382
30,2.24898,1.6649,1.99927,1.65339,1.76677,1.81427,1.39661,1.52855,1.77878,1.12885
31,8.97751,1.67984,1.88513,1.74556,1.76989,1.67857,1.48095,1.58569,1.66884,0.903122
32,-5.15632,1.84166,2.01777,1.58346,1.96012,1.7734,1.23239,1.49778,1.72145,1.31015
33,-11.7528,1.65041,2.10051,1.71397,1.78091,1.68142,1.30532,1.75735,1.72741,0.996812
34,-0.494642,1.62131,1.91474,1.72271,1.53311,1.66191,1.289,1.60305,1.70808,1.23267
35,-6.68544,1.80883,1.86486,1.6148,1.7653,1.58886,1.41828,1.47535,1.70929,1.13854
36,-0.522599,1.76127,1.9382,1.54987,1.70514,1.79661,1.30608,1.3598,1.57752,1.16875
37,9.90315,1.6337,2.02404,1.78353,1.70683,1.82549,1.42433,1.61039,1.80351,1.30938
38,-3.25351,1.65381,2.03788,1.82502,1.77622,1.69641,1.21535,1.56178,1.61259,1.03345
39,9.47178,1.68559,2.04244,1.69932,1.81424,1.66598,1.29082,1.48868,1.74465,1.19691
40,-5.27631,1.5411,2.10909,1.65752,1.72826,1.7059,1.31734,1.35637,1.82386,1.08728
41,2.79553,1.74428,1.98703,1.5961,1.72592,1.7383,1.46953,1.65349,1.72241,1.18444
42,-1.95424,1.75145,1.93491,1.60812,1.80349,1.69887,1.46088,1.61218,1.77216,1.15052
43,4.42391,1.63711,2.02228,1.6463,1.75764,1.86427,1.33155,1.68163,1.73408,1.21589
44,1.94967,1.63876,1.90175,1.75136,1.5317,1.63262,1.35994,1.69838,1.62175,1.18495
45,-0.570549,1.68003,1.92412,1.64553,1.83616,1.79391,1.26928,1.53564,1.51113,0.983535
46,5.2713,1.63189,1.95433,1.55451,1.72258,1.6775,1.26503,1.54714,1.67019,1.14226
47,14.5326,1.69388,1.95745,1.61629,1.69219,1.78747,1.45826,1.62383,1.70226,1.38441
48,2.82825,1.60368,1.93624,1.71644,1.95006,1.83716,1.33056,1.54725,1.85963,0.997436
49,-9.75323,1.74577,1.74,1.55872,1.76387,1.74277,1.27292,1.74742,1.77671,1.05373
50,0.90967,1.71894,2.10953,1.56724,1.80559,1.79836,1.31207,1.68632,1.56947,1.0415
51,-7.14422,1.85979,1.9554,1.65683,1.6597,1.69001,1.24254,1.56069,1.7029,1.1176
52,-1.13692,1.63793,2.07612,1.63384,1.84254,1.80598,1.45286,1.66476,1.65152,1.13959
53,9.85428,1.66775,2.08504,1.61988,1.71724,1.7474,1.28732,1.56855,1.66243,1.25827
54,-2.65635,1.70845,2.16452,1.63508,1.8349,1.71235,1.28415,1.57387,1.8003,1.11495
55,-10.9185,1.69851,2.06717,1.42981,1.74986,1.70239,1.36799,1.56493,1.54217,1.08089
56,-8.13319,1.61522,2.08847,1.47362,1.69652,1.82598,1.29585,1.48507,1.83472,1.23235
57,1.92349,1.78069,2.14289,1.69905,1.71359,1.74452,1.17357,1.56102,1.76737,1.15665
58,0.103586,1.61994,2.01804,1.67598,1.82816,1.75302,1.22923,1.70471,1.78821,1.03752
59,19.174,1.63434,2.09544,1.587,1.87686,1.81565,1.32867,1.60832,1.83879,1.00519
60,15.2188,1.71756,2.08281,1.61806,1.68712,1.6455,1.27856,1.6461,1.75662,1.26995
61,-0.127415,1.50247,2.00794,1.63107,1.61056,1.73188,1.40594,1.50961,1.88033,1.10215
62,2.66947,1.77706,2.04686,1.60015,1.7357,1.8363,1.28202,1.61472,1.65632,1.17639
63,-6.85451,1.78024,1.93184,1.6246,1.7615,1.76731,1.18595,1.65382,1.80726,1.11834
64,-12.6008,1.67998,1.96178,1.68222,1.67443,1.63789,1.35809,1.65259,1.62515,1.0835
65,-6.01917,1.69758,1.95057,1.65224,1.81417,1.54516,1.25399,1.61684,1.77677,1.26478
66,11.74,1.7883,2.02684,1.79439,1.89673,1.72445,1.34776,1.62867,1.69155,1.08906
67,14.9416,1.70919,1.95799,1.48554,1.78607,1.52498,1.25536,1.61185,1.67817,1.14788
68,-7.44653,1.69258,2.18406,1.3996,1.79198,1.83637,1.34704,1.66732,1.72474,1.16412
69,8.64563,1.78186,2.14038,1.69175,1.77037,1.7996,1.36014,1.51372,1.77546,1.2786
70,-11.6179,1.62943,2.08905,1.81023,1.8669,1.78086,1.34092,1.66427,1.89766,1.00536
71,19.3512,1.8461,2.13033,1.59675,1.69817,1.73084,1.2243,1.60024,1.74318,1.32562
72,-3.32844,1.5365,1.96965,1.55242,1.86777,1.6498,1.35675,1.54447,1.63504,1.1299
73,21.0094,1.71498,1.98293,1.50897,1.7412,1.64849,1.33752,1.49969,1.62689,1.02696
74,-8.4146,1.6142,2.00714,1.57207,1.80148,1.75535,1.35087,1.63747,1.73402,1.13506
75,9.03335,1.70852,2.07413,1.46395,1.71399,1.73633,1.27946,1.69765,1.73463,1.22427
76,8.77626,1.68463,2.10034,1.75294,1.75532,1.70746,1.35899,1.65222,1.73549,1.17369
77,3.6395,1.7027,2.16412,1.54741,1.78143,1.72873,1.35748,1.63321,1.88545,0.99786
78,-2.50419,1.77194,1.82455,1.66318,1.71801,1.75878,1.24976,1.48837,1.55462,1.0712
79,-17.2505,1.7111,2.13176,1.61696,1.7445,1.70849,1.546,1.75524,1.73133,1.09675
80,3.94362,1.63448,1.9842,1.70824,1.66953,1.89819,1.38304,1.70152,1.66377,1.31168
81,7.77841,1.66861,1.97728,1.65061,1.73293,1.64495,1.33782,1.57239,1.72653,0.976464
82,-16.3441,1.582,1.8654,1.6651,1.63174,1.65286,1.42673,1.45472,1.57726,1.1161
83,4.2173,1.78111,2.15931,1.70755,1.79941,1.68655,1.41978,1.58491,1.73099,1.22582
84,16.8605,1.66694,2.01418,1.50086,1.80974,1.71873,1.2995,1.58546,1.69399,1.17128
85,-11.3701,1.72396,2.02922,1.66438,1.85274,1.77463,1.38528,1.56516,1.79489,1.19799
86,7.15707,1.8033,2.07005,1.74828,1.63719,1.75836,1.43053,1.71051,1.75565,1.2526
87,8.78356,1.78147,1.96265,1.6101,1.8103,1.81234,1.52599,1.54197,1.8569,1.19219
88,-26.3033,1.82794,2.08227,1.81588,1.80572,1.85721,1.37572,1.51664,1.60394,1.07822
89,-12.321,1.7533,2.10608,1.57979,1.73443,1.78047,1.26518,1.82359,1.66556,1.08332
90,6.08499,1.6348,1.90668,1.54288,1.80831,1.66516,1.38979,1.69024,1.71366,1.07098
91,4.10716,1.78825,1.98988,1.72819,1.79245,1.55102,1.22375,1.61156,1.5867,1.0896
92,-15.3511,1.67417,1.9596,1.78821,1.68304,1.59435,1.32917,1.72385,1.69823,1.11759
93,0.741691,1.74982,2.1077,1.73819,1.70529,1.67677,1.25048,1.45664,1.70883,1.3087
94,3.82988,1.66013,2.0954,1.5863,1.68059,1.57283,1.42606,1.45124,1.80891,1.20939
95,2.97802,1.87843,2.12101,1.71346,1.78419,1.65932,1.25106,1.60295,1.68965,1.30003
96,0.457771,1.7624,1.99199,1.65091,1.82118,1.80545,1.32198,1.66191,1.68123,1.11273
97,1.08123,1.76588,2.11815,1.62975,1.80348,1.64536,1.41046,1.52154,1.73646,1.30789
98,-13.4622,1.75455,1.89692,1.6276,1.63128,1.56822,1.26422,1.78201,1.73764,1.28008
99,-6.1029,1.80451,2.11645,1.54995,1.73854,1.72494,1.3039,1.51769,1.67261,1.29276
100,-10.7325,1.68877,2.07599,1.64067,1.75028,1.63794,1.36799,1.68799,1.62081,1.18608
101,2.29227,1.67884,1.9043,1.5889,1.77933,1.79936,1.28003,1.63275,1.77477,1.15005
102,-2.33305,1.74266,1.81573,1.6697,1.71037,1.56167,1.26211,1.54838,1.80669,1.1233
103,6.47316,1.70803,2.11374,1.58215,1.79103,1.81119,1.40518,1.5768,1.77687,1.14035
104,11.1314,1.67236,1.89418,1.52792,1.71404,1.75512,1.42595,1.58119,1.54582,1.07225
105,-1.48511,1.70096,1.85593,1.6118,1.61824,1.55793,1.32223,1.48493,1.63812,1.15222
106,6.0734,1.6807,2.03341,1.62888,1.91303,1.80163,1.33406,1.62368,1.69806,1.15158
107,8.53132,1.79751,1.98784,1.66363,1.88511,1.73447,1.31526,1.48741,1.6463,1.22781
108,-2.94423,1.73266,2.02711,1.72177,1.67732,1.84546,1.31974,1.47325,1.87446,1.02012
109,9.81699,1.84444,2.14248,1.60836,1.83281,1.69099,1.27641,1.82261,1.73046,1.28629
110,-9.5981,1.81341,2.03579,1.78701,1.73454,1.76485,1.24479,1.45302,1.72331,1.19048
111,-0.0631393,1.6309,1.7987,1.583,1.74854,1.77564,1.32421,1.61294,1.73027,1.07337
112,-3.9255,1.61629,2.12941,1.78305,1.68237,1.64622,1.32098,1.58339,1.67858,1.00118
113,6.11104,1.78454,1.88935,1.57487,1.84416,1.64805,1.37112,1.6122,1.66923,1.08112
114,-3.11732,1.87429,2.0817,1.70235,1.55895,1.79633,1.29794,1.67779,1.70841,1.26
115,8.54394,1.73108,1.94905,1.75004,1.59824,1.78854,1.40571,1.59443,1.83638,1.25832
116,11.486,1.75646,2.1527,1.65309,1.79333,1.67299,1.42669,1.69351,1.82111,1.25576
117,-0.424498,1.65788,1.87051,1.77033,1.66947,1.7379,1.35099,1.62245,1.6186,1.28465
118,2.7823,1.88175,2.0767,1.74219,1.8308,1.74359,1.40002,1.45072,1.70372,1.03519
119,-23.3752,1.74237,2.05868,1.67629,1.68398,1.88381,1.25589,1.46413,1.67498,1.32116
120,25.5673,1.67769,1.94402,1.66802,1.75414,1.64184,1.21243,1.55559,1.69179,1.08363
121,0.379708,1.68956,2.14826,1.74777,1.82623,1.81121,1.22006,1.53903,1.82334,1.05959
122,1.6974,1.84331,1.93904,1.60812,1.69542,1.85651,1.39592,1.64496,1.69269,1.2312
123,10.2122,1.73859,1.95136,1.65905,1.8787,1.71146,1.4483,1.54291,1.82607,1.19291
124,5.36951,1.61009,2.0015,1.61671,1.83608,1.50215,1.34078,1.70547,1.68223,0.967916
125,-11.503,1.58762,1.99941,1.86475,1.89656,1.53867,1.60761,1.78275,1.74979,1.19429
126,3.83629,1.63361,1.96845,1.65858,1.73353,1.8159,1.38462,1.5477,1.55203,1.17775
127,-6.05167,1.74101,1.87355,1.83121,1.67482,1.62229,1.33594,1.58862,1.80537,1.18011
128,11.6995,1.67764,2.02054,1.64751,1.66864,1.73168,1.26113,1.71949,1.69522,1.01297
129,3.36331,1.74812,1.97965,1.58775,1.6871,1.58168,1.22999,1.38924,1.70381,1.12996
130,-8.09945,1.72691,1.96384,1.54121,1.78143,1.90542,1.43172,1.48929,1.70295,1.2736
131,-12.4046,1.75594,1.88804,1.8287,1.70592,1.61983,1.08923,1.5591,1.75144,1.08166
132,-9.11126,1.73096,1.99167,1.46345,1.89336,1.87606,1.12664,1.46362,1.61114,1.16195
133,11.9805,1.90026,1.76558,1.55053,1.77896,1.83829,1.27247,1.53522,1.76575,1.12194
134,4.18711,1.73111,2.07399,1.6179,1.86876,1.77417,1.31444,1.61867,1.66366,1.05614
135,-6.98896,1.76449,1.97689,1.6172,1.60131,1.85679,1.35607,1.53901,1.56389,1.03299
136,9.84636,1.81875,2.06762,1.75803,1.76523,1.72191,1.26514,1.7654,1.56934,1.23527
137,6.40031,1.62693,2.11979,1.74524,1.86697,1.62318,1.33375,1.72507,1.841,1.18475
138,1.38082,1.77076,1.97981,1.51701,1.9387,1.65977,1.35672,1.63822,1.72993,1.08484
139,9.76678,1.83482,2.03007,1.74818,1.72207,1.7294,1.45817,1.78519,1.62261,1.29149
140,1.08146,1.57819,1.89294,1.82493,1.7765,1.87262,1.31174,1.60979,1.57247,1.14572
141,-7.62449,1.80336,1.97071,1.73947,1.75708,1.86379,1.34904,1.65444,1.72392,1.15894
142,-9.13089,1.79155,1.95694,1.71383,1.77677,1.89519,1.33046,1.55929,1.75832,1.30643
143,-6.96439,1.68089,2.06924,1.50308,1.7657,1.62142,1.45495,1.60397,1.78363,1.03781
144,4.31124,1.75777,1.9371,1.70119,1.67087,1.64826,1.4396,1.43397,1.61101,1.20958
145,-5.80337,1.70459,1.9952,1.65798,1.83771,1.80401,1.18963,1.49282,1.70091,1.11808
146,22.1001,1.60057,2.08875,1.56274,1.61214,1.73616,1.3582,1.52478,1.78113,1.22368
147,-6.11577,1.64074,2.08509,1.54593,1.86198,1.76209,1.41427,1.56503,1.74701,1.2421
148,-10.3914,1.6123,1.97895,1.48786,1.72622,1.64869,1.2859,1.59494,1.60993,1.14086
149,3.96203,1.81575,2.06916,1.62303,1.7811,1.77234,1.24819,1.53818,1.78211,1.28106
150,2.99264,1.7039,1.8664,1.54501,1.63179,1.69351,1.22285,1.29213,1.73342,1.25975
151,-10.2757,1.78447,2.04076,1.68241,1.69361,1.56776,1.32165,1.6955,1.64774,1.01153
152,-4.27026,1.55632,2.0053,1.66451,1.7398,1.69762,1.37973,1.78074,1.68495,1.10728
153,1.15578,1.71498,2.02351,1.55555,1.86418,1.82482,1.53137,1.63158,1.57725,1.22653
154,24.9145,1.75211,2.05588,1.46598,1.82779,1.83972,1.45153,1.6231,1.6463,1.24948
155,-13.2231,1.8162,2.0033,1.57008,1.84315,1.69369,1.18273,1.62417,1.55923,1.25411
156,-11.5207,1.67133,1.91217,1.57775,1.74022,1.67539,1.24042,1.54568,1.69562,1.30308
157,9.19376,1.67235,1.91351,1.65616,1.76314,1.78574,1.26025,1.65216,1.72957,1.11461
158,-15.9666,1.68718,2.02703,1.69841,1.70699,1.79792,1.30805,1.6341,1.76451,1.19291
159,4.66057,1.64189,2.01435,1.61805,1.78672,1.74935,1.35484,1.4801,1.98357,1.13309
160,17.9477,1.75989,1.89619,1.89022,1.69973,1.70421,1.39585,1.59022,1.71806,1.06092
161,-1.73471,1.73708,1.79191,1.53854,1.79936,1.75808,1.28573,1.42482,1.51017,1.144
162,13.4036,1.76579,2.02862,1.58675,1.76986,1.77446,1.24447,1.50083,1.82844,1.14621
163,-1.19083,1.65519,1.8691,1.65667,1.76534,1.75518,1.29779,1.6277,1.77155,1.23745
164,6.22708,1.71943,2.00286,1.65062,1.90123,1.7711,1.375,1.44662,1.63516,1.09772
165,-10.6411,1.91191,2.04153,1.60924,1.98584,1.57025,1.28437,1.7052,1.72237,1.11904
166,4.62526,1.93232,2.01935,1.63229,1.61716,1.67283,1.34926,1.51775,1.80346,1.20773
167,17.0469,1.53079,2.02506,1.55849,1.76071,1.56241,1.33446,1.70523,1.58774,1.27639
168,18.03,1.59076,2.05397,1.78624,1.92431,1.65626,1.33549,1.53686,1.67733,1.19484
169,6.66089,1.70184,2.09471,1.49945,1.68484,1.69377,1.48379,1.57888,1.50688,1.19629
170,11.5294,1.80631,2.0113,1.5869,1.83029,1.67332,1.30498,1.51601,1.6271,1.01076
171,2.89182,1.76565,2.04244,1.5412,1.64981,1.62184,1.29765,1.63938,1.74493,1.05308
172,18.5136,1.84894,2.02743,1.69421,1.9722,1.65688,1.40275,1.66488,1.71697,1.18205
173,-13.2463,1.76044,1.95855,1.63111,1.72072,1.70221,1.2898,1.66744,1.65726,1.03938
174,10.3626,1.59265,1.94737,1.77897,1.81313,1.71394,1.40851,1.60903,1.53812,1.34676
175,-8.47465,1.73879,2.06098,1.48454,1.72095,1.6895,1.26548,1.65678,1.65719,1.2354
176,10.1961,1.78472,2.05118,1.67746,1.72567,1.74252,1.24032,1.68384,1.72218,1.07171
177,7.54221,1.67071,1.90928,1.57368,1.744,1.69394,1.22823,1.43257,1.77081,1.16057
178,-16.0184,1.71468,1.95234,1.57437,1.7257,1.77403,1.10116,1.46834,1.77003,1.09753
179,-15.1136,1.63874,1.9398,1.57571,1.70219,1.62028,1.39167,1.68319,1.70992,1.11503
180,2.87706,1.82495,2.08565,1.61591,1.7375,1.69765,1.28426,1.46649,1.71987,1.16669
181,-9.76243,1.79969,1.92547,1.6597,1.73553,1.66686,1.46991,1.43699,1.76716,1.17317
182,-2.45267,1.74495,2.02486,1.68364,1.83279,1.69426,1.40419,1.55545,1.80742,1.16367
183,-13.8522,1.70101,2.0492,1.70421,1.70785,1.64833,1.55156,1.63513,1.69643,1.13753
184,18.1473,1.81103,2.02024,1.69555,1.77417,1.74655,1.34685,1.53521,1.77989,1.00309
185,-3.3235,1.84452,2.02553,1.59958,1.70782,1.66292,1.34693,1.44733,1.61281,0.99104
186,-2.50739,1.8465,1.93317,1.71546,1.79911,1.81476,1.4242,1.54748,1.6858,0.962203
187,-3.4816,1.91214,1.93133,1.59265,1.73182,1.85446,1.52293,1.62076,1.68331,1.24419
188,0.827061,1.84643,1.93314,1.66571,1.84212,1.75132,1.37394,1.51391,1.7807,1.36485
189,7.5163,1.63351,2.07961,1.49781,1.65828,1.71073,1.37559,1.4486,1.68825,1.08666
190,11.0343,1.74972,1.9091,1.66368,1.81959,1.67156,1.32907,1.53757,1.62046,0.965872
191,7.85206,1.87099,1.95912,1.75503,1.74475,1.60785,1.3256,1.66616,1.69969,1.18462
192,5.49779,1.61401,2.0362,1.61423,1.74381,1.85037,1.39829,1.5176,1.60053,1.16477
193,-14.17,1.68757,1.93649,1.65276,1.70322,1.95281,1.34279,1.64011,1.88735,1.06887
194,-7.91966,1.82027,2.04576,1.53048,1.74032,1.65846,1.34208,1.64061,1.85727,1.07745
195,9.35412,1.77829,2.0345,1.68512,1.79584,1.70776,1.23861,1.68727,1.86925,1.25785
196,-4.32995,1.75233,1.9919,1.56065,1.82573,1.6065,1.16247,1.69675,1.63182,1.0713
197,-3.21538,1.64213,2.03025,1.61919,1.99333,1.73195,1.29783,1.55162,1.75469,1.13923
198,4.76538,1.91277,2.02572,1.53898,1.85438,1.71446,1.55626,1.50277,1.74413,1.16109
199,-15.9088,1.73999,2.01286,1.55041,1.79833,1.73782,1.29879,1.50486,1.9317,1.27539
200,12.3197,1.66199,2.02363,1.63589,1.7015,1.74395,1.26259,1.57457,1.70865,1.21757
201,2.09348,1.67962,2.04146,1.70563,1.80301,1.89128,1.25165,1.60187,1.80691,1.19836
202,-6.38945,1.65885,2.05889,1.54172,1.66088,1.66998,1.42621,1.68481,1.66904,1.20134
203,-0.0901365,1.65797,1.9558,1.65531,1.73581,1.76921,1.38236,1.59189,1.75147,1.27701
204,0.798067,1.55808,1.9288,1.63161,1.76618,1.75079,1.41423,1.70891,1.68497,1.23615
205,-15.0051,1.81795,2.13454,1.49139,1.84871,1.77673,1.43926,1.64586,1.76406,1.09949
206,-2.11365,1.86046,1.81204,1.67719,1.74141,1.68731,1.3735,1.56281,1.5828,1.202
207,-0.613975,1.85416,1.99205,1.55716,1.66918,1.80001,1.33538,1.51811,1.76635,1.07665
208,3.39771,1.6945,1.96866,1.74787,1.80412,1.67627,1.35398,1.59302,1.84876,1.19269
209,-8.90338,1.6736,2.13061,1.80607,1.74035,1.72312,1.32225,1.61901,1.81307,1.22278
210,-11.6255,1.77637,2.00208,1.68096,1.71197,1.58555,1.30605,1.49238,1.55408,1.09809
211,5.52801,1.76397,1.98676,1.71837,1.58559,1.5284,1.19097,1.7704,1.77194,1.1684
212,14.1837,1.8409,1.99024,1.45778,1.79929,1.69539,1.20618,1.64169,1.72038,0.946162
213,9.60505,1.69209,1.87444,1.68442,1.56576,1.60246,1.3861,1.3554,1.61205,1.12592
214,13.6164,1.73315,1.93096,1.61416,1.72309,1.76434,1.13658,1.4165,1.597,1.06826
215,-4.17361,1.8133,2.0129,1.708,1.77184,1.68857,1.27966,1.60513,1.75398,1.14027
216,-15.4075,1.74038,1.9391,1.68521,1.7146,1.72305,1.2091,1.79799,1.58809,0.94491
217,-11.1401,1.65268,1.96189,1.64715,1.57238,1.68832,1.32822,1.5081,1.80251,1.2877
218,-5.31122,1.51537,1.95837,1.69914,1.56325,1.6458,1.54072,1.55092,1.72499,1.0651
219,20.1513,1.80833,1.96413,1.61169,1.77221,1.83796,1.31807,1.61756,1.91214,1.04568
220,-1.80702,1.74738,2.27327,1.68851,1.8118,1.6751,1.3824,1.65352,1.84173,1.25874
221,2.11866,1.73302,1.8676,1.61626,1.80528,1.79692,1.40425,1.56899,1.68871,1.28654
222,2.06293,1.75444,1.93225,1.85594,1.62441,1.74381,1.26661,1.61165,1.76612,1.21303
223,-10.9735,1.58706,1.99033,1.65613,1.60873,1.62382,1.3435,1.66073,1.74341,1.10788
224,-13.9617,1.71584,1.87054,1.70888,1.80395,1.63248,1.15146,1.64917,1.68214,1.12171
225,-11.3931,1.79959,1.97759,1.66866,1.72454,1.45262,1.28097,1.51034,1.78376,1.22543
226,-1.37836,1.83618,1.98909,1.65447,1.8143,1.62968,1.39001,1.48554,1.75827,0.998001
227,3.11412,1.8438,1.95657,1.77495,1.84032,1.46324,1.36295,1.53129,1.8301,1.23466
228,-5.58089,1.77601,2.05042,1.6859,1.7324,1.76067,1.35922,1.53962,1.64802,1.06689
229,-3.76809,1.71663,1.9771,1.80137,1.73795,1.67146,1.32061,1.53637,1.75754,1.21837
230,9.84474,1.69362,2.11763,1.51321,1.8374,1.69389,1.37953,1.57147,1.76419,1.0904
231,2.77722,1.57139,1.99012,1.53927,1.70229,1.67524,1.28494,1.73187,1.82556,1.14432
232,-3.03161,1.87959,2.01639,1.72889,1.68935,1.77651,1.38088,1.59396,1.61911,1.15712
233,8.56695,1.58128,1.98257,1.62224,1.80838,1.66433,1.37694,1.6205,1.64287,1.15716
234,7.14939,1.69011,1.85919,1.62672,1.74179,1.71754,1.35357,1.64056,1.7132,1.07782
235,14.3006,1.64549,1.93665,1.67304,1.70363,1.5927,1.38496,1.58643,1.79029,0.898124
236,-5.61286,1.75196,2.12073,1.69039,1.7288,1.71791,1.24247,1.6329,1.74841,1.16649
237,-11.5401,1.75918,1.90736,1.69869,1.77075,1.80613,1.29749,1.7004,1.61229,1.11206
238,-9.95967,1.58301,2.05819,1.61776,1.65006,1.78957,1.33411,1.56986,1.75429,1.09196
239,-2.32411,1.69563,2.06105,1.60235,1.7119,1.75748,1.41936,1.64914,1.82969,1.12135
240,0.26411,1.63827,1.93621,1.77527,1.8364,1.66179,1.50726,1.59103,1.6664,0.992704
241,9.23478,1.71524,2.08975,1.3745,1.76768,1.74782,1.5048,1.7118,1.93708,1.23575
242,4.11083,1.65695,1.99427,1.63346,1.77406,1.75025,1.43102,1.54399,1.58648,0.974676
243,3.84963,1.71789,2.0085,1.5713,1.76225,1.81119,1.31665,1.65447,1.60088,1.14489
244,2.74568,1.69867,1.80854,1.62288,1.81916,1.67686,1.52488,1.53686,1.83059,1.16773
245,4.63676,1.65375,1.98166,1.59386,1.71226,1.51034,1.23564,1.52771,1.73904,1.02436
246,23.0471,1.90647,1.94072,1.51727,1.75064,1.59697,1.35885,1.59063,1.79909,1.21277
247,0.414872,1.70887,1.89434,1.60199,1.76483,1.78777,1.36954,1.64017,1.68784,1.21541
248,9.78529,1.68741,2.08434,1.49699,1.54914,1.82265,1.51184,1.51291,1.79456,1.16756
249,17.6208,1.80711,1.98414,1.71523,1.69009,1.64614,1.14675,1.58297,1.64456,1.16997
250,9.68777,1.90999,2.08209,1.56253,1.84809,1.82157,1.37182,1.53092,1.76206,1.20206
251,11.728,1.75872,1.87111,1.7755,1.81842,1.84448,1.27416,1.69131,1.63737,1.30106
252,8.62365,1.62511,1.78768,1.69984,1.77454,1.82595,1.33494,1.71997,1.92635,1.12247
253,-6.51252,1.5678,2.10632,1.40769,1.77941,1.73026,1.42123,1.62196,1.56875,1.17561
254,2.40211,1.83645,2.10224,1.68442,1.7524,1.64804,1.33075,1.67516,1.66874,1.10171
255,11.0181,1.95315,1.99854,1.56599,1.69538,1.77262,1.24254,1.6179,1.61645,1.10052
256,18.4153,1.80105,2.07166,1.64496,1.96495,1.55274,1.31822,1.67407,1.60248,1.26174
257,1.02358,1.67836,2.11027,1.75629,1.7045,1.75562,1.27853,1.66657,1.58614,1.1145
258,5.70979,1.87401,1.9988,1.78478,1.65389,1.68447,1.3674,1.5903,1.64274,1.26132
259,13.5898,1.8766,2.04996,1.5619,1.78489,1.66778,1.19404,1.60608,1.67474,1.23028
260,0.286373,1.68985,2.11617,1.65619,1.7165,1.8404,1.20171,1.59154,1.6543,1.20608
261,-12.7904,1.65247,1.93569,1.60931,1.68884,1.6893,1.19795,1.65118,1.78185,0.964193
262,5.48178,1.74534,2.05851,1.5467,1.81285,1.56452,1.40863,1.50821,1.74112,1.16117
263,-21.7834,1.7831,2.06427,1.72138,1.71598,1.76546,1.41721,1.61487,1.67894,1.11692
264,-2.16402,1.72677,1.92297,1.6175,1.80335,1.63061,1.40062,1.58786,1.70194,1.06004
265,1.4097,1.86987,1.96665,1.77088,1.73004,1.67128,1.37863,1.52358,1.76495,1.17424
266,-12.2964,1.72044,1.91993,1.5568,1.83014,1.70484,1.3576,1.62437,1.67765,1.13706
267,-12.3189,1.62486,2.01369,1.72399,1.70824,1.6854,1.57528,1.60271,1.62248,1.2874
268,0.953462,1.85875,1.8726,1.53027,1.83273,1.81175,1.23664,1.57786,1.68336,1.18009
269,0.401918,1.68343,2.12572,1.56751,1.74121,1.63304,1.26754,1.47819,1.72972,0.969014
270,-3.61787,1.60999,1.90626,1.46259,1.77046,1.5664,1.30351,1.70073,1.73899,1.11789
271,-0.0683276,1.71885,1.99518,1.5858,1.81752,1.6841,1.33164,1.60624,1.82056,1.17445
272,21.9504,1.80632,1.92744,1.61872,1.7254,1.65841,1.31927,1.73355,1.66931,1.31943
273,-3.31846,1.84134,1.89423,1.55177,1.84886,1.78353,1.27523,1.47546,1.6601,1.25808
274,7.15547,1.57513,2.04385,1.67755,1.65308,1.96114,1.40427,1.76159,1.73188,0.968511
275,1.51498,1.68875,1.92772,1.57211,1.76427,1.89743,1.58426,1.52777,1.70522,1.23471
276,-3.34826,1.62023,2.09736,1.54592,1.80259,1.72509,1.44494,1.44093,1.84779,1.30099
277,10.4263,1.49794,1.98606,1.4981,1.79825,1.78589,1.37914,1.49512,1.46285,1.2244
278,-17.5325,1.79026,2.0147,1.6145,1.7513,1.7436,1.20383,1.60361,1.72962,1.10253
279,5.91879,1.65806,1.90724,1.64606,1.66813,1.62973,1.26861,1.73504,1.74527,1.23532
280,1.30844,1.66222,1.79871,1.71201,1.7457,1.74322,1.16006,1.45347,1.75863,1.13607
281,4.36828,1.8084,2.0902,1.67408,1.72356,1.65108,1.47427,1.45262,1.67938,1.03906
282,13.9964,1.772,2.12344,1.56094,1.86417,1.6371,1.30546,1.59362,1.76145,1.13826
283,-11.6572,1.72391,1.9906,1.45117,1.72411,1.63526,1.25357,1.5421,1.68554,1.19389
284,-13.0439,1.5819,1.9655,1.6759,1.71605,1.82495,1.54975,1.56073,1.67082,1.12072
285,7.20824,1.55878,2.1398,1.82029,1.83355,1.78375,1.41258,1.81472,1.74747,1.24659
286,-5.5569,1.63154,1.98697,1.58585,1.79631,1.7587,1.31008,1.56607,1.80333,1.11927
287,-14.8628,1.6352,1.89576,1.58461,1.73154,1.74494,1.43048,1.57476,1.75681,0.924881
288,-2.53324,1.82675,2.00204,1.74545,1.60345,1.78852,1.14804,1.62278,1.76985,1.35583
289,13.0406,1.661,1.92055,1.54403,1.86564,1.7822,1.40981,1.6751,1.68678,1.02374
290,12.9843,1.80836,2.0405,1.49634,1.73366,1.63082,1.32021,1.50398,1.70421,1.18047
291,5.48204,1.70853,2.01985,1.61546,1.81773,1.68533,1.41683,1.51342,1.60688,1.09902
292,1.77786,1.65039,2.00108,1.62936,1.64142,1.8267,1.29198,1.60583,1.58617,1.21881
293,-1.39503,1.86961,2.09679,1.56386,1.80138,1.67421,1.2413,1.60446,1.72361,1.06413
294,-0.917719,1.78148,1.97912,1.58994,1.77231,1.70369,1.39969,1.52192,1.75631,1.21627
295,0.359321,1.83584,2.06022,1.71778,1.66105,1.80769,1.19651,1.58027,1.72463,1.14544
296,-2.10039,1.72827,2.00434,1.72948,1.77998,1.76883,1.45036,1.67923,1.74149,1.21256
297,-2.14659,1.60536,1.96335,1.64796,1.89318,1.773,1.34828,1.57792,1.71389,1.28345
298,-1.68389,1.76539,1.88886,1.76014,1.77366,1.90798,1.38811,1.57464,1.70496,1.15616
299,-10.2514,1.73925,2.04174,1.64327,1.69979,1.71144,1.38009,1.72053,1.69041,1.22746
300,1.1363,1.66952,1.93762,1.59748,1.62755,1.89431,1.37262,1.48617,1.72743,1.20527
301,-7.9326,1.73872,1.96992,1.6707,1.81946,1.86882,1.49802,1.59764,1.66826,1.22816
302,-1.22339,1.78802,1.922,1.77663,1.86357,1.64786,1.33849,1.55239,1.61554,1.0729
303,5.84211,1.76374,2.09127,1.78167,1.81817,1.78054,1.4119,1.69387,1.7057,1.29792
304,15.6565,1.78634,1.94956,1.61012,1.68472,1.67267,1.12558,1.60979,1.72184,1.10778
305,1.32695,1.76944,2.01815,1.64372,1.78008,1.75422,1.4224,1.58502,1.63118,1.08834
306,5.25775,1.74671,1.92722,1.82977,1.67388,1.6349,1.30868,1.39348,1.61118,1.21455
307,6.44876,1.67417,1.98639,1.53773,1.8903,1.83516,1.29496,1.47177,1.92423,1.18185
308,-10.3621,1.65541,1.97204,1.85123,1.79298,1.79184,1.34835,1.56635,1.77498,1.02596
309,-3.77707,1.73008,2.09263,1.68566,1.76514,1.86545,1.2125,1.69507,1.66184,1.17527
310,-4.18542,1.807,1.94368,1.60893,1.79317,1.8392,1.35956,1.51148,1.75626,1.07803
311,18.0562,1.79261,2.00973,1.67641,1.73144,1.91759,1.29016,1.6657,1.77228,1.17751
312,-5.77878,1.61205,2.0588,1.6026,1.79611,1.60201,1.27898,1.40097,1.66439,1.40148
313,11.9723,1.70543,1.98454,1.59169,1.72132,1.78196,1.38768,1.48989,1.63492,1.16766
314,7.1371,1.77952,2.05565,1.77622,1.69473,1.88105,1.39391,1.62848,1.74068,1.16687
315,-2.72885,1.49047,2.10215,1.6149,1.82988,1.86422,1.29203,1.52638,1.61512,1.17631
316,1.90055,1.69794,2.02457,1.60265,1.78487,1.78936,1.30524,1.62008,1.70479,1.0165
317,11.5218,1.89077,2.03743,1.63538,1.95621,1.61838,1.36321,1.46555,1.58857,1.16704
318,9.62729,1.75427,2.15751,1.64347,1.64972,1.80475,1.29639,1.56543,1.72111,1.21008
319,-4.72814,1.62078,2.03718,1.52779,1.66324,1.72308,1.30649,1.57932,1.86442,1.09624
320,-11.0402,1.7354,2.04578,1.5124,1.67408,1.74152,1.32763,1.54,1.63058,1.26247
321,-4.83535,1.7345,2.06518,1.58031,1.80074,1.74928,1.34143,1.45532,1.53943,1.19238
322,-6.16519,1.75382,2.12166,1.65006,1.74102,1.63251,1.29989,1.55505,1.78775,1.09905
323,19.968,1.63777,2.05427,1.76267,1.64124,1.90979,1.37965,1.40256,1.75566,1.25939
324,0.734578,1.75382,1.99026,1.55975,1.67874,1.69557,1.36722,1.59799,1.62324,1.13553
325,11.7643,1.77217,1.82452,1.64139,1.76778,1.61918,1.28005,1.58981,1.82469,1.09114
326,9.59078,1.7526,1.97272,1.66071,1.70908,1.73861,1.34771,1.60011,1.69487,0.923509
327,10.9187,1.50937,2.00318,1.75568,1.83519,1.74361,1.26888,1.60841,1.61725,1.18361
328,12.3261,1.63035,2.00264,1.51257,1.73886,1.7013,1.25698,1.50793,1.69079,1.09839
329,-10.7225,1.72584,1.96798,1.66692,1.75192,1.8267,1.40404,1.59349,1.65909,1.06055
330,-2.29122,1.66494,1.94161,1.64282,1.81226,1.72096,1.46741,1.53425,1.73219,1.17844
331,9.70907,1.66056,2.02359,1.57911,1.74339,1.69684,1.44189,1.74332,1.79416,1.20695
332,-3.39912,1.72782,1.89423,1.70688,1.80906,1.43361,1.33008,1.55016,1.62951,1.06831
333,-10.8668,1.76709,2.26778,1.6825,1.76094,1.82791,1.40694,1.49168,1.60919,1.20254
334,4.94508,1.7647,2.1695,1.67234,1.63475,1.62179,1.33583,1.63548,1.65731,1.09953
335,-2.29377,1.762,1.89059,1.66552,1.64865,1.70085,1.33637,1.78608,1.44665,1.03175
336,-5.33048,1.6228,1.99719,1.66424,1.72412,1.58415,1.30241,1.75521,1.70073,1.04989
337,25.5244,1.82979,2.13641,1.64393,1.83188,1.80899,1.25649,1.73708,1.73943,1.36908
338,-10.3613,1.74808,1.82632,1.57318,1.71971,1.7848,1.33508,1.58486,1.56919,1.27102
339,1.73885,1.79624,2.04098,1.77783,1.84932,1.66669,1.40141,1.66134,1.73079,1.0125
340,9.13809,1.79184,2.03617,1.5963,1.75133,1.6955,1.31461,1.57409,1.62938,1.26038
341,6.27145,1.54717,1.98209,1.64151,1.88401,2.02607,1.26575,1.61244,1.60939,1.28145
342,-11.0107,1.76258,1.90314,1.72814,1.48776,1.77578,1.47661,1.49598,1.70702,1.20867
343,-8.89761,1.61491,2.09861,1.58945,1.78782,1.75037,1.30223,1.60478,1.64914,1.15622
344,6.03734,1.64806,2.08328,1.59249,1.75554,1.76407,1.37035,1.47565,1.72863,1.23534
345,-3.88225,1.64327,2.10682,1.77798,1.85175,1.64448,1.39759,1.72349,1.71764,1.06095
346,3.56054,1.67411,1.98861,1.56271,1.56643,1.57276,1.41772,1.623,1.61561,1.15676
347,5.95152,1.7771,1.94817,1.62054,1.84295,1.6422,1.29617,1.68142,1.81079,1.1671
348,-14.9374,1.6296,1.88047,1.59469,1.76371,1.77937,1.34717,1.54183,1.72519,1.13265
349,3.88801,1.65477,2.07749,1.65952,1.92391,1.70179,1.27945,1.51111,1.64899,1.25277
350,6.04808,1.63729,1.95658,1.70944,1.71224,1.8466,1.36093,1.58675,1.60722,1.058
351,7.11594,1.91066,1.92983,1.56821,1.84995,1.62173,1.28599,1.52246,1.81163,1.19725
352,1.2714,1.66255,2.17821,1.58628,1.75945,1.75146,1.51349,1.55808,1.7406,1.21131
353,-10.4132,1.73063,1.95502,1.65027,1.62803,1.62568,1.23681,1.61869,1.63923,1.06713
354,-22.7238,1.65796,1.80286,1.60381,1.62182,1.55952,1.18396,1.53748,1.77068,1.16374
355,2.52522,1.70967,2.16007,1.501,1.83388,1.78754,1.30764,1.4771,1.60651,1.1917
356,10.3002,1.80401,2.12624,1.65774,1.68169,1.72765,1.09586,1.59536,1.63903,1.26341
357,-18.7609,1.61471,1.69366,1.65408,1.56472,1.78935,1.16635,1.47004,1.70131,1.17931
358,-5.92365,1.76936,2.05723,1.67117,1.85589,1.77966,1.28244,1.53158,1.5916,1.01857
359,1.1416,1.81576,1.91613,1.66577,1.54909,1.63737,1.35602,1.69794,1.92895,0.948516
360,4.88491,1.85223,2.04547,1.62132,1.90649,1.52484,1.24378,1.58534,1.71077,1.11249
361,13.1117,1.6023,1.91346,1.6481,1.66111,1.78857,1.33942,1.68058,1.50104,1.08501
362,-0.780287,1.78921,1.96793,1.58466,1.76881,1.7089,1.44618,1.57866,1.63833,0.991042
363,0.900157,1.66018,2.10548,1.81024,1.70496,1.76426,1.34242,1.46491,1.7113,1.27652
364,-2.24582,1.4932,2.00848,1.62056,1.68891,1.80854,1.24911,1.57169,1.70162,1.22467
365,3.58279,1.61507,2.05813,1.65481,1.7624,1.69629,1.42178,1.47618,1.71675,1.09958
366,12.4325,1.49845,1.93055,1.90041,1.67637,1.71281,1.46975,1.62262,1.83513,1.10607
367,8.13599,1.72407,2.03763,1.49981,1.79634,1.66677,1.24306,1.54984,1.78899,1.31785
368,7.05262,1.84622,1.9701,1.73725,1.80019,1.85948,1.63186,1.65716,1.70683,1.08732
369,-6.95221,1.64483,2.07368,1.56619,1.70854,1.66789,1.41118,1.57828,1.5462,1.1887
370,4.61919,1.69149,2.14306,1.59787,1.59287,1.8246,1.24604,1.68399,1.712,1.05151
371,-7.67181,1.75209,1.99826,1.63132,1.74453,1.77762,1.24244,1.63906,1.72084,1.22118
372,-4.6969,1.70527,2.06532,1.77136,1.74712,1.85896,1.31011,1.54428,1.59487,1.21099
373,19.7879,1.58815,2.17203,1.69974,1.73374,1.6888,1.46887,1.67184,1.67655,1.32984
374,14.7733,1.78744,1.9093,1.645,1.83864,1.60232,1.29153,1.60785,1.65942,1.12517
375,5.72163,1.51857,2.10778,1.60291,1.66985,1.65672,1.11118,1.59715,1.58968,1.195
376,3.80896,1.68754,1.96998,1.54958,1.83072,1.70134,1.2323,1.53735,1.72644,1.20588
377,-20.0462,1.71399,1.98058,1.79413,1.77654,1.8255,1.47063,1.56063,1.84618,1.27793
378,-2.64108,1.75443,2.18714,1.65432,1.71254,1.70021,1.23125,1.61264,1.82,0.891776
379,17.9545,1.6853,1.98673,1.65714,1.71504,1.73067,1.49124,1.70179,1.74162,1.02459
380,13.0942,1.66354,1.89214,1.64315,1.8069,1.67966,1.31994,1.47766,1.82359,1.14334
381,-0.576822,1.88729,2.1002,1.76061,1.76093,1.86747,1.33059,1.49129,1.80554,1.19945
382,19.2742,1.80425,2.07273,1.58152,1.7365,1.66086,1.47141,1.6046,1.79414,1.2653
383,9.02467,1.58178,1.95637,1.65461,1.71538,1.65414,1.48852,1.68327,1.71715,1.06405
384,3.34019,1.81274,2.10473,1.72474,1.63546,1.89188,1.36931,1.70413,1.77109,1.20169
385,6.09661,1.73014,1.89581,1.61836,1.80971,1.82082,1.35048,1.47985,1.70473,1.19976
386,-6.55589,1.72993,2.08689,1.78233,1.84104,1.62354,1.32227,1.64336,1.75741,1.32409
387,-9.5157,1.76272,1.9444,1.77524,1.666,1.78275,1.28309,1.72708,1.65355,1.0665
388,1.12583,1.67602,2.08199,1.66694,1.83544,1.50734,1.25577,1.65191,1.66716,1.13624
389,-17.9087,1.58413,2.06485,1.77995,1.81665,1.68824,1.39056,1.58509,1.61771,0.905123
390,12.4102,1.77359,2.11409,1.62183,1.80548,1.81881,1.22646,1.52321,1.89169,1.13351
391,11.6497,1.85534,2.1441,1.61481,1.7715,1.68993,1.29438,1.51298,1.74391,1.15009
392,12.6419,1.78137,2.13787,1.69363,1.76658,1.70377,1.33702,1.57832,1.88973,1.08226
393,-0.909788,1.57623,2.03051,1.77933,1.78961,1.65259,1.27339,1.57844,1.70045,1.15437
394,13.3076,1.81014,1.91941,1.58935,1.76115,1.69562,1.39629,1.56041,1.62773,1.12544
395,-1.56842,1.62498,2.06298,1.63991,1.7852,1.69787,1.29023,1.70614,1.56416,1.1706
396,1.02296,1.64051,1.90006,1.77483,1.69672,1.74935,1.32106,1.5561,1.73042,1.11855
397,-6.02562,1.5041,2.16115,1.69231,1.76166,1.66724,1.47053,1.69209,1.62907,1.18586
398,6.19379,1.67348,1.99266,1.63598,1.81818,1.73531,1.3429,1.6405,1.71006,1.30571
399,3.93182,1.68868,1.97486,1.6844,1.8997,1.59835,1.29663,1.43661,1.69518,1.1381
400,14.1279,1.77962,1.90779,1.63381,1.64408,1.68657,1.42437,1.48906,1.57597,1.03768
401,-20.6743,1.89249,2.08223,1.73612,1.76684,1.50372,1.36195,1.54716,1.78164,1.11016
402,-14.9626,1.76016,2.21365,1.80877,1.75922,1.79906,1.57928,1.54807,1.71397,1.25441
403,-1.77674,1.74422,1.90675,1.59391,1.90974,1.73556,1.23525,1.66401,1.65989,1.22737
404,13.9176,1.82335,1.93373,1.66154,1.78958,1.75035,1.42584,1.49009,1.698,1.20908
405,-12.2641,1.80095,1.9075,1.75186,1.77089,1.70947,1.39644,1.5971,1.65222,1.04516
406,-3.66774,1.73067,2.01108,1.6639,1.84273,1.6194,1.52716,1.55292,1.59689,1.17687
407,11.2175,1.64765,2.01532,1.6155,1.72039,1.73977,1.4281,1.77172,1.75824,1.08659
408,-10.9589,1.90266,1.91873,1.50135,1.84877,1.6876,1.34151,1.70159,1.64785,1.06397
409,13.6175,1.73557,1.92584,1.69803,1.73422,1.75718,1.43811,1.49373,1.67829,1.07709
410,6.13655,1.61709,2.21604,1.65637,1.73697,1.84708,1.37324,1.48914,1.72353,1.27708
411,1.25513,1.76998,1.86946,1.60836,1.85396,1.69986,1.41865,1.73981,1.68497,1.11258
412,1.9512,1.53695,1.95308,1.66475,1.70666,1.71559,1.25791,1.4502,1.78594,1.04668
413,12.8192,1.77796,2.2142,1.50457,1.67354,1.81546,1.41173,1.62148,1.72569,1.10317
414,-2.83002,1.85998,2.01514,1.62276,1.90475,1.81326,1.33091,1.68546,1.6023,1.13241
415,9.707,1.76836,2.08923,1.61321,1.67818,1.68621,1.33535,1.73458,1.70418,1.20298
416,-11.3357,1.705,2.09828,1.74748,1.75691,1.63906,1.25456,1.72174,1.61942,1.14718
417,0.892231,1.85504,1.97053,1.76829,1.80858,1.77827,1.36296,1.65887,1.75573,1.20444
418,-5.59636,1.79661,2.01645,1.76682,1.73508,1.74006,1.31944,1.68627,1.64201,1.03797
419,17.1132,1.88482,1.94414,1.66661,1.74603,1.93741,1.2449,1.5907,1.60113,1.20412
420,6.96442,1.91519,1.89004,1.53747,1.65104,1.60222,1.38829,1.70638,1.74194,1.11425
421,6.73607,1.79322,2.00485,1.68482,1.50874,1.95442,1.22908,1.4146,1.57452,1.24981
422,-5.66455,1.65419,2.0044,1.6766,1.87934,1.60343,1.43931,1.56732,1.69696,1.187
423,-1.17425,1.59434,1.92598,1.50716,1.9236,1.76407,1.38781,1.63411,1.82926,1.17396
424,0.515942,1.69157,1.96149,1.58169,1.78495,1.7284,1.30652,1.45198,1.56859,1.28724
425,-6.46272,1.73195,1.71399,1.51562,1.71969,1.77085,1.54814,1.58694,1.84621,1.14331
426,2.48812,1.87309,2.01337,1.64321,1.89574,1.60422,1.36681,1.60161,1.71256,0.963798
427,-5.05259,1.6407,1.90757,1.63029,1.72362,1.86122,1.22276,1.69535,1.80422,1.14655
428,7.77272,1.7758,1.94905,1.55194,1.80664,1.64561,1.21129,1.69066,1.856,1.20064
429,-3.47705,1.59143,1.97201,1.6974,1.70433,1.76437,1.56399,1.6458,1.78824,1.1143
430,6.47701,1.71171,2.00594,1.62583,1.72054,1.81083,1.16668,1.73645,1.8341,1.19136
431,7.01214,1.73507,2.00857,1.76082,1.69244,1.77372,1.2647,1.45034,1.80656,1.15716
432,15.6772,1.74002,1.99499,1.51482,1.73322,1.82627,1.34801,1.55608,1.72525,1.26162
433,-7.47132,1.82559,1.70968,1.76269,1.75505,1.78939,1.31422,1.44605,1.76297,1.1468
434,1.84931,1.77373,1.9087,1.8105,1.72695,1.92081,1.23268,1.44072,1.72766,1.12329
435,2.0057,1.76973,2.09981,1.81602,1.69271,2.03565,1.23327,1.69042,1.66048,1.07081
436,-9.65016,1.66175,2.03527,1.62442,1.7795,1.68368,1.46731,1.50386,1.87358,1.05106
437,-5.22987,1.61389,2.04453,1.73201,1.76922,1.72807,1.48873,1.60474,1.81754,1.19969
438,14.4414,1.72102,2.02804,1.49426,1.69482,1.65288,1.3901,1.73051,1.77222,1.13709
439,-6.10153,1.72007,2.19869,1.66472,1.89991,1.65376,1.21924,1.61409,1.69837,1.12391
440,4.42437,1.7325,2.00879,1.63339,1.74722,1.74232,1.3792,1.57993,1.61202,1.13763
441,21.6468,1.8995,1.96071,1.54442,1.80302,1.6612,1.41148,1.7076,1.69732,1.06736
442,9.33873,1.70655,1.9268,1.70865,1.64371,1.72369,1.27644,1.64215,1.76081,1.17386
443,-6.30557,1.78163,1.98669,1.79131,1.81286,1.71538,1.34495,1.68986,1.67886,1.09049
444,-7.43342,1.79867,2.03984,1.51403,1.73325,2.03352,1.28866,1.7336,1.80738,1.03405
445,-0.478431,1.7387,2.09784,1.73207,1.87464,1.75388,1.2745,1.59052,1.80162,1.22901
446,-3.8835,1.76571,2.15859,1.68212,1.72339,1.73196,1.3793,1.52519,1.80636,1.19804
447,8.72645,1.55301,2.02034,1.57917,1.75144,1.6272,1.48364,1.48909,1.77837,1.10871
448,2.17331,1.85281,2.03136,1.72393,1.74342,1.57853,1.23399,1.63548,1.69264,1.22248
449,1.92706,1.46151,2.24404,1.73892,1.59288,1.75032,1.39079,1.67563,1.70092,0.968236
450,-8.89214,1.73765,1.9623,1.64839,1.76392,1.90639,1.3536,1.72265,1.60271,1.09555
451,-3.27629,1.7009,2.03571,1.57169,1.87395,1.73727,1.21555,1.7484,1.93925,0.981772
452,18.9335,1.73704,1.98112,1.5531,1.77548,1.77791,1.40773,1.68654,1.78818,1.30096
453,-4.64922,1.64728,1.95493,1.72229,1.73333,1.83386,1.38144,1.57688,1.55619,1.21522
454,1.7568,1.77955,2.08345,1.64288,1.78353,1.8148,1.27845,1.7,1.62899,1.25121
455,0.963899,1.68227,1.94592,1.67302,1.82649,1.7025,1.38624,1.54439,1.59638,1.08822
456,2.03891,1.76879,1.94347,1.61106,1.70484,1.79645,1.31786,1.51831,1.8103,1.29446
457,-10.6159,1.88339,2.05931,1.66273,1.78005,1.80593,1.38799,1.6163,1.81387,1.32204
458,-12.1954,1.81203,1.93917,1.60863,1.76877,1.61566,1.36855,1.47307,1.74018,1.04583
459,13.1273,1.73948,1.90197,1.6522,1.67166,1.84025,1.45801,1.38541,1.59834,1.13692
460,1.06694,1.70011,2.03241,1.54702,1.96128,1.62844,1.30812,1.4524,1.79245,1.10794
461,12.0315,1.77698,2.0034,1.52781,1.72633,1.70705,1.20964,1.65718,1.71535,1.06517
462,-3.16949,1.78566,1.92321,1.7395,1.84114,1.533,1.26495,1.48423,1.70266,1.41384
463,-2.55506,1.54015,2.09375,1.54308,1.85107,1.66287,1.38751,1.81468,1.84796,1.15798
464,7.97107,1.79908,2.05759,1.77722,1.9051,1.6471,1.417,1.51261,1.81327,1.1178
465,11.71,1.77507,1.94634,1.5156,1.64,1.74176,1.32747,1.70145,1.8022,1.19643
466,9.66035,1.73151,2.05386,1.48735,1.7164,1.77773,1.1814,1.58276,1.54312,1.03766
467,-5.06125,1.71401,2.01961,1.67131,1.7387,1.77955,1.515,1.65329,1.4853,1.24757
468,23.3225,1.77931,1.92768,1.64441,1.90236,1.71424,1.46476,1.60903,1.80692,1.1553
469,9.00392,1.76047,1.88942,1.64329,1.83352,1.70004,1.46087,1.6149,1.78624,1.19623
470,17.236,1.79505,1.93629,1.61173,1.63911,1.64352,1.41095,1.65235,1.62861,0.990077
471,11.4019,1.8369,2.03563,1.6023,1.78216,1.72821,1.37643,1.6421,1.6552,1.0925
472,2.22155,1.64161,2.12758,1.72516,1.73131,1.64581,1.33614,1.64486,1.85743,1.13694
473,-1.4159,1.70635,2.05792,1.61959,1.82744,1.8866,1.5368,1.62022,1.75743,1.15794
474,31.2577,1.65997,2.05582,1.59245,1.9002,1.84052,1.51962,1.62091,1.65073,1.04949
475,-6.71832,1.8498,2.04143,1.62843,1.6987,1.76856,1.54629,1.62832,1.73433,1.0927
476,7.66097,1.83578,2.03326,1.79103,1.71032,1.67496,1.23745,1.64461,1.63342,1.0708
477,3.3923,1.80353,1.78329,1.67121,1.93326,1.73741,1.42141,1.71442,1.68422,1.2501
478,-7.48914,1.65365,2.0426,1.56147,1.9121,1.77827,1.33422,1.48098,1.85233,1.17153
479,-11.249,1.69149,1.94939,1.48069,1.83835,1.73382,1.33271,1.52098,1.64055,1.18354
480,-5.06464,1.82532,2.07791,1.58786,1.59752,1.77203,1.34964,1.53163,1.90664,1.21215
481,11.9823,1.73894,1.92118,1.65852,1.91137,1.76804,1.30523,1.61594,1.85194,1.22826
482,-9.81398,1.70323,1.92434,1.48777,1.63534,1.70865,1.26604,1.51785,1.65905,1.28752
483,21.4317,1.76224,1.98102,1.58521,1.75272,1.73652,1.26609,1.60155,1.61783,1.1435
484,-9.47426,1.72176,1.8216,1.72843,1.5155,1.69183,1.48918,1.70575,1.82778,1.08951
485,5.11681,1.59348,1.8407,1.68956,1.90405,1.92483,1.36027,1.58185,1.62842,1.24759
486,-13.9336,1.62693,2.08417,1.69115,1.72544,1.84979,1.45009,1.43777,1.70821,1.13219
487,-3.20335,1.74583,1.94359,1.53433,1.7443,1.7118,1.2458,1.52917,1.60308,1.13984
488,-1.67358,1.5943,2.06677,1.56215,1.59497,1.49995,1.09226,1.65781,1.53968,1.22271
489,-16.2662,1.68896,1.95347,1.76013,1.7505,1.65987,1.25843,1.56505,1.77655,1.15394
490,15.8885,1.85867,2.10917,1.45752,1.74555,1.67794,1.32884,1.70589,1.74561,1.12461
491,10.4627,1.69578,2.09683,1.54961,1.72482,1.60737,1.35845,1.58781,1.70645,1.34099
492,0.377312,1.86214,2.24398,1.68574,1.7299,1.83365,1.34065,1.63993,1.75141,0.92344
493,-6.30705,1.71119,2.10586,1.66244,1.84859,1.70896,1.28611,1.75301,1.67919,1.07188
494,-1.72068,1.72021,2.03531,1.69107,1.81353,1.67819,1.26421,1.61187,1.76747,1.16222
495,-8.31295,1.62462,2.01898,1.64837,1.72232,1.70243,1.36894,1.57573,1.78808,1.10536
496,-1.94585,1.68827,1.87848,1.5015,1.78446,1.69608,1.27066,1.76015,1.61707,1.03157
497,16.1519,1.9325,2.09611,1.63221,1.86367,1.86011,1.33373,1.65604,1.64971,1.1033
498,1.52154,1.69027,2.04721,1.76692,1.69761,1.8698,1.35939,1.71254,1.70526,1.15472
499,-5.24932,1.87311,2.0737,1.67026,1.77301,1.64538,1.3431,1.53921,1.68744,1.16176
500,-1.67614,1.56877,2.05535,1.80724,1.74194,1.57569,1.40835,1.39456,1.54672,1.08842
501,-10.1628,1.68725,1.9842,1.64191,1.76389,1.61522,1.38669,1.82196,1.71362,1.07735
502,10.5857,1.84268,1.93464,1.65533,1.72871,1.82788,1.46202,1.59083,1.8152,1.25177
503,3.04369,1.73646,1.93752,1.61248,1.8291,1.67985,1.54771,1.56761,1.73756,1.23594
504,-5.77045,1.67103,1.99693,1.62563,1.64886,1.75709,1.24949,1.80247,1.75853,1.44065
505,-4.29191,1.5389,2.02207,1.59299,1.72236,1.78328,1.31154,1.59744,1.78672,1.34196
506,2.39437,1.78393,1.845,1.60906,1.72994,1.69977,1.42258,1.4418,1.62497,1.11307
507,11.7374,1.71689,2.0338,1.59903,1.72608,1.80022,1.29241,1.48446,1.73741,1.18366
508,-25.7007,1.78932,2.03741,1.71594,1.64488,1.75561,1.36638,1.67213,1.66853,1.33607
509,2.9533,1.77291,1.91028,1.64231,1.66392,1.5952,1.39414,1.42406,1.57025,1.12954
510,14.808,1.71832,2.00147,1.54593,1.66919,1.77348,1.43886,1.57347,1.5554,1.20858
511,-5.86965,1.60085,1.93342,1.56634,1.84326,1.72282,1.29418,1.47493,1.74365,1.00681
512,-2.41249,1.82349,2.08416,1.87839,1.7309,1.75534,1.39205,1.8021,1.57017,1.10521
513,-2.28517,1.71815,2.1094,1.57913,1.85775,1.61656,1.23915,1.68814,1.84244,1.23539
514,12.1813,1.63242,2.03666,1.61233,1.83033,1.69286,1.15666,1.69459,1.82947,1.23392
515,-3.02455,1.65354,2.04744,1.49996,1.7822,1.66462,1.34737,1.62912,1.74342,1.186
516,-22.137,1.57639,1.89517,1.71773,1.73267,1.71795,1.24075,1.70814,1.80202,1.19
517,-9.80962,1.78681,2.0928,1.63686,1.70205,1.61867,1.21831,1.59566,1.798,1.17725
518,-0.127498,1.68636,2.11795,1.76056,1.73949,1.84489,1.17539,1.59899,1.92257,1.09231
519,0.744164,1.81671,1.97438,1.69751,1.66748,1.69388,1.36661,1.5931,1.62817,1.29719
520,21.6108,1.66331,2.11727,1.62955,1.65579,1.59374,1.34873,1.60589,1.69196,1.29506
521,5.39958,1.64591,1.85881,1.67923,1.86922,1.61885,1.51411,1.63817,1.6925,1.23832
522,2.51617,1.73801,1.96006,1.638,1.66596,1.66699,1.31162,1.59373,1.6817,1.14276
523,-6.21722,1.70988,2.07689,1.55344,1.89752,1.82418,1.32219,1.53946,1.83436,1.24741
524,-1.57906,1.67232,2.18454,1.62136,1.66041,1.76504,1.4157,1.50491,1.62941,1.3391
525,0.934405,1.67603,1.96456,1.58655,1.65641,1.60422,1.36114,1.58208,1.93892,1.22864
526,6.94758,1.68908,2.014,1.71015,1.76427,1.63924,1.30455,1.63652,1.68439,1.02629
527,1.72931,1.6913,1.90645,1.6634,1.83532,1.77692,1.31877,1.73315,1.76228,1.12506
528,-9.64957,1.74613,2.11336,1.61005,1.7624,1.7267,1.35985,1.68735,1.6729,1.14552
529,-4.9785,1.58473,2.03925,1.47627,1.83436,1.77992,1.23934,1.6162,1.73297,1.18497
530,0.643293,1.8272,1.9849,1.79713,1.67544,1.9187,1.27169,1.53371,1.56646,1.06573
531,10.35,1.64472,1.94648,1.67499,1.7164,1.61671,1.31154,1.54872,1.7747,1.10365
532,2.15666,1.60612,1.96523,1.80389,1.77905,1.62881,1.21707,1.65781,1.64711,1.30642
533,-9.87555,1.74301,2.13205,1.60205,1.9413,1.76425,1.4009,1.51076,1.6747,1.13266
534,5.60443,1.63561,2.0423,1.67297,1.83786,1.81046,1.29271,1.60554,1.73136,1.06053
535,1.14691,1.68765,1.85954,1.66566,1.72975,1.68342,1.45457,1.54104,1.7495,1.13772
536,-11.3625,1.67213,2.07877,1.52615,1.78877,1.84923,1.30273,1.51077,1.72827,1.14401
537,-4.61664,1.58982,2.07241,1.61194,1.64343,1.74401,1.41637,1.74203,1.65651,1.2614
538,-8.69163,1.7478,1.98541,1.63956,1.7647,1.72308,1.36944,1.73832,1.73809,1.18384
539,-7.32827,1.74149,1.93983,1.72574,1.7443,1.91621,1.10953,1.62084,1.79727,1.01914
540,-6.54662,1.73085,2.12125,1.73519,1.59336,1.70696,1.21721,1.67197,1.63792,1.21374
541,-10.0809,1.73,1.96374,1.74078,1.56547,1.65983,1.41865,1.608,1.66251,1.38758
542,10.4853,1.80507,1.82762,1.69709,1.75512,1.73362,1.32174,1.61314,1.64218,1.13385
543,2.00495,1.77421,2.00771,1.51369,1.81118,1.71699,1.2891,1.70045,1.74095,1.20159
544,8.54263,1.68261,1.91967,1.6853,1.79192,1.80439,1.20365,1.59333,1.76335,1.04118
545,-0.397622,1.71811,1.77097,1.66835,1.63999,1.63232,1.37159,1.6636,1.75016,1.20292
546,-8.56649,1.73075,1.92053,1.59405,1.94178,1.72081,1.4975,1.65073,1.61719,1.06792
547,6.9502,1.70487,2.04222,1.60015,1.63239,1.73664,1.22475,1.64906,1.83866,1.16007
548,0.695556,1.68175,1.89638,1.61754,1.81493,1.78588,1.383,1.55238,1.57632,1.06419
549,-4.29039,1.52503,2.0956,1.87531,1.63154,1.79646,1.3729,1.56694,1.69646,1.15633
550,15.7187,1.75567,2.02914,1.43242,1.83707,1.61477,1.4516,1.67065,1.72066,1.07306
551,0.142867,1.70337,1.92473,1.71724,1.75327,1.81755,1.35147,1.67098,1.67137,1.04919
552,-3.21092,1.72205,2.03447,1.72287,1.6461,1.761,1.34079,1.69906,1.64631,1.09275
553,-5.47093,1.83829,1.93892,1.57381,1.79053,1.71815,1.50891,1.63413,1.66773,1.13057
554,4.458,1.91831,1.98227,1.63464,1.62807,1.73443,1.42303,1.62888,1.60451,1.12676
555,-1.09714,1.6769,2.22291,1.82959,1.99125,1.68797,1.3056,1.69736,1.70149,1.16075
556,1.47958,1.55352,1.99729,1.48228,1.70708,1.84708,1.26584,1.42194,1.78749,1.10763
557,4.12175,1.8503,1.88922,1.59618,1.70448,1.58318,1.45474,1.68114,1.65837,1.13485
558,0.20107,1.90731,1.9316,1.71159,1.71846,1.58302,1.33623,1.5822,1.5527,1.13601
559,-11.2558,1.79545,2.02376,1.68835,1.62263,1.64532,1.35695,1.56919,1.7755,0.965182
560,1.83586,1.84828,2.0311,1.65648,1.74161,1.78749,1.3849,1.57864,1.67296,1.11298
561,2.35491,1.61316,1.84554,1.65416,1.80847,1.6405,1.28257,1.6517,1.68307,1.13311
562,8.5158,1.62818,1.98268,1.65735,1.83727,1.87027,1.38321,1.49303,1.85085,1.05591
563,6.54295,1.69737,1.96099,1.52899,1.7823,1.78046,1.16243,1.53739,1.80696,1.17803
564,7.27485,1.75725,1.96128,1.58653,1.86575,1.7315,1.47673,1.47257,1.63456,1.04339
565,1.58063,1.72612,2.06587,1.61403,1.75871,1.86408,1.05385,1.4471,1.71829,1.23118
566,-7.96812,1.7079,2.16483,1.66609,1.79172,1.65489,1.51139,1.51108,1.7012,1.17077
567,0.376248,1.75627,1.99399,1.51856,1.77852,1.70254,1.12836,1.64334,1.85967,0.924087
568,-15.1831,1.69486,2.03205,1.57692,1.63077,1.69084,1.28385,1.55812,1.6277,1.14477
569,0.524146,1.78379,1.91076,1.64124,1.82479,1.71494,1.20693,1.51973,1.71943,0.969542
570,7.84169,1.75305,1.94635,1.60816,1.98962,1.7587,1.40105,1.63155,1.55724,1.07067
571,13.3303,1.81695,1.92711,1.37403,1.88759,1.56631,1.47258,1.68145,1.76481,1.21558
572,-4.9453,1.65916,1.94275,1.53704,1.89866,1.804,1.19954,1.65899,1.60718,1.14236
573,21.3239,1.79691,2.1711,1.74527,1.59516,1.75462,1.44865,1.55117,1.73756,1.31295
574,-5.82353,1.67061,2.0142,1.80603,1.78804,1.76507,1.44499,1.50027,1.77416,1.0722
575,1.79354,1.73363,1.92962,1.66984,1.79208,1.5635,1.31693,1.63306,1.6823,1.02748
576,-5.27223,1.7305,2.01819,1.72272,1.77024,1.86486,1.22944,1.65536,1.60968,1.21156
577,-2.15952,1.64071,1.92119,1.70331,1.83748,1.72978,1.43299,1.35566,1.82968,1.25826
578,-2.6602,1.61804,2.0236,1.45128,1.6436,1.6749,1.28887,1.67617,1.48712,1.2234
579,8.27905,1.69074,2.00653,1.68881,1.6608,1.68702,1.35583,1.54346,1.62264,1.08958
580,11.6827,1.59349,2.10139,1.72362,1.66841,1.54346,1.38497,1.5069,1.74697,1.12609
581,3.38792,1.60707,2.07114,1.53286,1.53933,1.78487,1.47082,1.44992,1.74423,1.20661
582,14.2982,1.66092,2.16695,1.80778,1.93584,1.59904,1.41752,1.65886,1.75753,1.146
583,7.84169,1.73208,1.89329,1.55248,1.8181,1.61961,1.56989,1.49528,1.72914,1.07967
584,11.0304,1.73409,1.98254,1.59552,1.8065,1.62972,1.33108,1.55313,1.67576,1.16831
585,6.70766,1.77756,1.92306,1.54994,1.74573,1.81485,1.41393,1.80227,1.66291,1.26735
586,1.50554,1.68768,1.90256,1.56735,1.81359,1.75929,1.24422,1.66605,1.65622,1.14395
587,6.40624,1.7507,2.07866,1.57244,1.85453,1.77057,1.42943,1.66066,1.66342,1.30064
588,23.6769,1.63368,1.91254,1.53235,1.75744,1.69193,1.45984,1.50087,1.61575,1.31246
589,1.62037,1.83536,1.98066,1.7108,1.76574,1.8077,1.32241,1.74472,1.73234,0.991603
590,-0.805675,1.6429,1.88532,1.72861,1.62593,1.59833,1.43019,1.71556,1.74915,1.1237
591,-2.97947,1.89925,1.90811,1.80086,1.61304,1.6425,1.24693,1.57718,1.65772,1.10046
592,-10.387,1.71825,1.95545,1.71114,1.87879,1.68945,1.26681,1.55471,1.94081,0.954227
593,-4.89605,1.63003,2.01101,1.56749,1.63272,1.51219,1.34805,1.68823,1.66447,1.13693
594,2.83489,1.59463,2.02852,1.75813,1.70119,1.70612,1.41157,1.52027,1.63128,1.13768
595,1.82098,1.80688,1.92752,1.64908,1.98936,1.84014,1.37896,1.75271,1.72399,1.18361
596,3.87441,1.54683,1.97491,1.58064,1.7697,1.6997,1.49045,1.78608,1.56149,1.17531
597,-8.34158,1.63148,2.00646,1.54438,1.93722,1.71959,1.28937,1.49179,1.74619,1.17679
598,-7.49687,1.53875,2.11141,1.64656,1.74674,1.78998,1.4131,1.55466,1.82096,1.20046
599,6.6901,1.83185,1.93539,1.65344,1.93919,1.79046,1.38698,1.62177,1.84513,1.08073
600,-11.5491,1.80869,2.05152,1.41126,1.7903,1.74063,1.36946,1.70424,1.69464,1.08296
601,4.2834,1.68797,1.82655,1.62434,1.70742,1.74906,1.40509,1.46555,1.70819,1.16288
602,7.89068,1.6735,1.81142,1.74574,1.73698,1.72948,1.36666,1.57692,1.6406,1.12187
603,-20.4004,1.80884,1.92747,1.70534,1.87395,1.72852,1.19164,1.57626,1.64428,1.14488
604,0.418569,1.67023,2.07443,1.73887,1.81742,1.95336,1.32937,1.63408,1.85861,1.15652
605,10.9494,1.83038,2.02886,1.60445,1.79037,1.67782,1.26136,1.67439,1.66613,1.17733
606,12.5354,1.70621,1.9705,1.67623,1.83817,1.83736,1.34023,1.63891,1.7379,1.15915
607,-2.55306,1.73484,1.97472,1.65475,1.70725,1.77713,1.51188,1.6515,1.60179,1.27924
608,11.3637,1.62973,2.06272,1.57893,1.82171,1.81431,1.14796,1.45866,1.70002,1.23865
609,-11.5185,1.68671,2.09404,1.74733,1.79369,1.86996,1.14888,1.54107,1.63985,1.08252
610,0.685714,1.66841,1.97065,1.5837,1.67593,1.79425,1.20963,1.62064,1.69639,1.22479
611,8.07675,1.61899,1.90063,1.73697,1.87556,1.64065,1.34209,1.52889,1.65843,1.08365
612,-7.25835,1.7764,1.95195,1.65034,1.70643,1.52523,1.30259,1.50466,1.72615,1.13217
613,-11.375,1.75162,2.07515,1.8032,1.77662,1.68887,1.50766,1.6293,1.68673,1.06701
614,0.371097,1.60369,1.97213,1.57433,1.77352,1.66903,1.38932,1.68142,1.84145,1.18
615,11.522,1.74443,1.9416,1.59035,1.6949,1.82609,1.49795,1.68068,1.75903,1.26781
616,0.127681,1.84914,1.97272,1.73617,1.85475,1.86786,1.30562,1.71118,1.73595,1.03609
617,11.7148,1.66897,2.03857,1.64487,1.67724,1.73062,1.26921,1.49254,1.64698,1.04635
618,6.33024,1.61199,2.12536,1.66114,1.68661,1.77548,1.32326,1.53062,1.83754,1.17276
619,-13.7641,1.54868,2.17909,1.73863,1.82,1.8236,1.45514,1.58199,1.64861,1.14981
620,-12.6583,1.64795,1.90943,1.57624,1.68658,1.79649,1.17739,1.6502,1.73247,1.15323
621,-5.45642,1.79931,2.0177,1.59442,1.67898,1.76364,1.31878,1.71239,1.75062,1.31867
622,-10.543,1.65165,1.97511,1.53693,1.67969,1.98099,1.32715,1.51994,1.66777,1.07508
623,-8.175,1.73297,2.02367,1.69832,1.79259,1.84506,1.3465,1.55026,1.68142,1.06574
624,0.132996,1.93581,2.00556,1.61683,1.76755,1.77806,1.33681,1.61967,1.63431,1.21402
625,-7.37816,1.81973,2.03349,1.67898,1.79356,1.73929,1.36739,1.55918,1.65856,0.894171
626,12.7065,1.73008,2.05357,1.45348,1.77952,1.72443,1.37231,1.58386,1.61383,1.15931
627,-29.7695,1.5698,1.8752,1.59477,1.72181,1.77576,1.37319,1.50689,1.63497,1.11422
628,-9.15662,1.70546,2.01808,1.6456,1.69681,1.59853,1.37132,1.63084,1.74644,1.31026
629,2.3601,1.64264,1.98858,1.90055,1.787,1.74162,1.34412,1.39995,1.73815,0.959166
630,-0.401418,1.81574,2.12159,1.62814,1.61549,1.86502,1.39773,1.80369,1.798,1.10088
631,0.54359,1.59367,2.03872,1.54865,1.70724,1.67942,1.30016,1.54535,1.83674,1.12593
632,19.4333,1.67684,1.92046,1.54789,1.73946,1.77851,1.27727,1.57896,1.75321,1.21952
633,3.5392,1.76343,1.95829,1.6021,1.85975,1.71241,1.2144,1.62918,1.66708,1.10304
634,1.8083,1.66302,2.01627,1.82337,1.86056,1.76631,1.3647,1.56625,1.63913,1.1406
635,-4.95531,1.68446,1.89737,1.63084,1.67047,1.78249,1.43421,1.62941,1.82714,1.1045
636,17.328,1.8075,1.87676,1.60208,1.61221,1.79547,1.33816,1.6985,1.70818,1.01033
637,5.30626,1.68044,1.99161,1.63903,1.75782,1.58019,1.38817,1.46327,1.63526,1.26592
638,11.0386,1.75027,2.08002,1.55649,1.7692,1.77037,1.18003,1.64954,1.49797,1.05356
639,-1.2244,1.74371,1.98846,1.62343,1.7978,1.77343,1.23048,1.42987,1.71105,1.24925
640,-9.03109,1.78461,1.99121,1.54702,1.81203,1.6103,1.32374,1.64495,1.62276,1.19685
641,-8.78914,1.68863,1.95421,1.61665,1.6761,1.6186,1.09876,1.57666,1.75737,1.0592
642,3.00625,1.67959,2.04986,1.69499,1.86406,1.81069,1.28281,1.48242,1.79767,1.14535
643,-2.84985,1.63214,2.14209,1.66673,1.62114,1.79199,1.23805,1.61558,1.79453,1.07433
644,-8.66276,1.71102,1.96842,1.6036,1.68301,1.80021,1.27905,1.62289,1.7411,1.2658
645,5.23656,1.69808,2.01354,1.52843,1.70177,1.75957,1.17988,1.53238,1.89002,1.25755
646,5.07641,1.75545,2.13957,1.59228,1.68936,1.72927,1.27981,1.66267,1.63244,1.10977
647,-6.7539,1.79593,2.03979,1.55216,1.70008,1.81131,1.4042,1.57933,1.6862,1.24086
648,6.02595,1.8841,1.91072,1.41981,1.69041,1.8098,1.48562,1.60771,1.73087,1.16932
649,-0.831973,1.64664,2.08117,1.56976,1.73176,1.61281,1.38528,1.53861,1.78093,1.21808
650,7.94852,1.71317,1.99283,1.74712,1.63228,1.79366,1.44385,1.56225,1.77343,0.95255
651,5.22244,1.75256,1.7732,1.70138,1.75226,1.72916,1.38859,1.53602,1.74809,1.21861
652,3.77389,1.80588,1.99902,1.67324,1.63251,1.7507,1.36965,1.44345,1.7425,1.08492
653,9.45725,1.47619,1.96839,1.67492,1.7255,1.70048,1.2871,1.61126,1.75043,1.02689
654,6.56315,1.86169,1.95957,1.66169,1.74118,1.82683,1.20597,1.57841,1.81803,1.23106
655,0.877744,1.6638,2.02911,1.69901,1.74389,1.65343,1.14669,1.47168,1.76766,1.01504
656,26.952,1.78263,2.03167,1.69879,1.85537,1.84418,1.31094,1.49788,1.64016,1.06181
657,-6.87662,1.75967,1.8254,1.39467,1.76345,1.55855,1.52456,1.61801,1.66921,1.19274
658,-12.7006,1.69491,2.04004,1.47142,1.91963,1.6618,1.26633,1.53796,1.53752,1.2434
659,-2.89835,1.68207,1.92891,1.66294,1.59318,1.62055,1.30783,1.64596,1.7583,1.27456
660,-0.506719,1.66898,1.99116,1.61681,1.96915,1.6772,1.31111,1.53198,1.73574,1.15674
661,2.7997,1.71012,2.17555,1.57419,1.76084,1.66166,1.35416,1.42565,1.6254,1.13324
662,1.609,1.66591,1.96872,1.58867,1.83765,1.63698,1.34389,1.54534,1.51127,1.2756
663,5.31892,1.88135,2.09754,1.68932,1.71486,1.7155,1.35149,1.54707,1.6341,1.26646
664,-1.22796,1.76489,2.14243,1.42756,1.84431,1.74435,1.4099,1.63917,1.54413,1.24436
665,-6.30244,1.77285,2.14428,1.52235,1.72416,1.61463,1.17156,1.60983,1.77627,1.1786
666,-1.26679,1.70862,1.95843,1.6394,1.63229,1.73384,1.35371,1.65572,1.72476,1.20642
667,-5.37995,1.75034,1.91443,1.53125,1.71744,1.57017,1.41386,1.64864,1.71736,1.18905
668,-20.5003,1.65458,1.97891,1.74796,1.78387,1.71702,1.26635,1.57132,1.66076,1.03241
669,-22.0195,1.93474,2.06066,1.74251,1.86916,1.73276,1.37338,1.57716,1.79539,1.26427
670,-9.66388,1.74981,1.96755,1.54927,1.6648,1.56995,1.40176,1.62455,1.78007,1.21636
671,-14.1229,1.62492,2.05649,1.68413,1.76147,1.75809,1.41176,1.40557,1.67278,1.38352
672,-4.77176,1.65465,1.98801,1.56425,1.77155,1.65392,1.33608,1.52963,1.77809,1.15758
673,7.75988,1.70461,1.87422,1.78702,1.90571,1.71449,1.30922,1.61481,1.72039,1.15011
674,-5.52496,1.6529,1.99462,1.72979,1.85716,1.77885,1.33453,1.64908,1.69412,1.13822
675,6.5542,1.75488,1.94341,1.75293,1.78133,1.70729,1.29294,1.54633,1.6133,1.14915
676,9.18318,1.58526,1.95697,1.71624,1.79483,1.7287,1.39469,1.67122,1.73493,1.11524
677,-16.4574,1.75315,2.07387,1.58602,1.89803,1.77265,1.25636,1.55679,1.79231,1.14527
678,22.87,1.71486,2.01154,1.51266,1.76382,1.91076,1.44286,1.57667,1.77871,1.13285
679,6.67001,1.64677,2.09774,1.72945,1.76126,1.83157,1.28928,1.65061,1.68257,1.30679
680,-18.6598,1.59336,2.145,1.72332,1.76745,1.73754,1.44479,1.64971,1.65366,1.22645
681,-12.4849,1.75886,2.15501,1.64164,1.75645,1.79432,1.26773,1.63991,1.73337,1.07564
682,-0.889699,1.65137,2.00159,1.6212,1.84333,1.75073,1.29642,1.64034,1.5145,1.20513
683,8.03251,1.73579,2.10737,1.75834,1.61475,1.85672,1.24775,1.56599,1.75884,1.0455
684,2.49904,1.62286,2.02463,1.75555,1.89203,1.69168,1.30615,1.61536,1.74816,1.16464
685,2.25685,1.80229,1.99286,1.45178,1.76392,1.76033,1.15147,1.54948,1.67862,1.01054
686,2.1922,1.74541,1.92693,1.61862,1.84252,1.73215,1.34538,1.5186,1.66521,1.17762
687,15.2672,1.59683,2.0201,1.61516,1.74695,1.68349,1.49255,1.48723,1.72877,1.0727
688,-7.00138,1.60765,2.07722,1.80503,1.95509,1.77283,1.35787,1.52017,1.78833,1.01932
689,5.29179,1.63042,1.90835,1.63286,1.72204,1.67577,1.2597,1.54379,1.67241,1.14499
690,-1.81757,1.66469,1.94124,1.72945,1.84353,1.67219,1.36313,1.30585,1.58281,1.17955
691,4.35997,1.68699,2.02135,1.52357,1.74891,1.6102,1.38825,1.65512,1.67018,1.12141
692,2.63615,1.64849,2.03645,1.60347,1.85294,1.7466,1.26215,1.41633,1.66908,1.275
693,19.4975,1.73781,1.97083,1.64322,1.68389,1.83681,1.44863,1.62772,1.59982,0.904192
694,0.984763,1.9092,2.08258,1.68243,1.64193,1.72022,1.33903,1.46809,1.82728,1.25472
695,2.65032,1.72393,2.05709,1.62977,1.76134,1.64424,1.31368,1.70477,1.5909,1.39602
696,9.66656,1.71267,2.0561,1.55392,1.81237,1.72911,1.40314,1.71853,1.72964,1.09184
697,12.4325,1.76255,1.86807,1.5432,1.72479,1.69183,1.31921,1.66802,1.64327,1.16469
698,-9.91901,1.69412,1.97352,1.67334,1.76238,1.65386,1.43934,1.71785,1.90101,1.10133
699,14.108,1.777,2.0014,1.66099,1.82156,1.68747,1.26722,1.4573,1.77985,1.00481
700,-1.63058,1.93298,2.06756,1.41728,1.53316,1.74513,1.4193,1.54326,1.76756,1.17644
701,-4.92523,1.67118,1.96852,1.68541,1.68749,1.65379,1.33752,1.59225,1.84647,1.11862
702,-5.28655,1.59449,1.92651,1.59882,1.78796,1.66841,1.28434,1.55613,1.86241,1.09652
703,-2.07147,1.69966,1.90967,1.68518,1.85069,1.58088,1.46271,1.68387,1.67727,1.07645
704,-13.1157,1.781,1.97555,1.75805,1.82413,1.763,1.38444,1.71125,1.73654,0.984433
705,-16.7141,1.7799,2.00471,1.69045,1.77279,1.75335,1.32723,1.56638,1.66624,1.20215
706,-4.27738,1.74478,1.90259,1.60402,1.72502,1.81376,1.48524,1.58229,1.53841,0.887916
707,-6.81971,1.72829,2.00887,1.73137,1.70787,1.85123,1.3223,1.64813,1.76614,1.00894
708,-7.69702,1.81075,1.92457,1.65452,1.7643,1.75292,1.31258,1.70433,1.62939,1.20402
709,10.0939,1.79682,2.02558,1.6456,1.70368,1.75323,1.38034,1.47906,1.59212,1.29963
710,1.60715,1.79715,1.95486,1.58673,1.69391,1.62185,1.40824,1.62652,1.68685,1.21206
711,0.861124,1.5909,2.03592,1.58201,1.81549,1.72932,1.23884,1.51508,1.71923,1.19177
712,-5.08654,1.65639,1.92419,1.65916,1.65951,1.61291,1.40526,1.51478,1.77486,1.18756
713,0.155835,1.6725,1.97807,1.36318,1.67714,1.75574,1.12942,1.6587,1.95406,1.13237
714,-10.7373,1.73985,2.12431,1.63987,1.60038,1.71403,1.48934,1.57451,1.6737,1.2067
715,3.50777,1.52504,2.15963,1.68692,1.76061,1.65666,1.29543,1.80033,1.79942,1.2987
716,5.05821,1.78665,2.04197,1.65123,1.82724,1.66616,1.48058,1.61805,1.82389,1.21725
717,-0.103617,1.72703,2.09642,1.55381,1.7695,1.51772,1.24101,1.63849,1.72586,1.18965
718,-16.7809,1.66199,2.10863,1.68513,1.72263,1.62856,1.39547,1.58555,1.64352,1.16988
719,-0.592313,1.809,2.01207,1.58214,1.64215,1.70654,1.33029,1.54164,1.74475,0.987119
720,2.61527,1.63099,2.03706,1.55284,1.65581,1.77572,1.3525,1.66644,1.73008,1.07168
721,12.5711,1.60459,2.01515,1.65147,1.75602,1.82389,1.43448,1.56079,1.66235,0.934942
722,-6.98222,1.75456,2.02157,1.51482,1.66986,1.55327,1.18543,1.62768,1.82834,1.34124
723,-1.42217,1.94165,1.83973,1.68113,1.81058,1.87453,1.22241,1.53372,1.72365,1.11734
724,3.56737,1.73942,1.94657,1.66382,1.70359,1.61848,1.47477,1.57073,1.78668,1.11334
725,-5.58501,1.7903,2.1146,1.64801,1.64004,1.70955,1.36964,1.33183,1.70731,1.02193
726,2.39677,1.83288,1.9931,1.67515,1.68711,1.86468,1.44888,1.72625,1.58534,1.1418
727,1.59694,1.89584,2.00931,1.54923,1.64382,1.8693,1.36517,1.57205,1.71768,1.22017
728,10.2893,1.64262,2.13224,1.72463,1.61556,1.69352,1.34298,1.7597,1.78367,1.15963
729,19.2723,1.80735,2.02294,1.54616,1.83208,1.39366,1.39348,1.48041,1.65805,1.05514
730,2.34778,1.91606,1.90711,1.72823,1.75697,1.69995,1.26306,1.50334,1.74785,1.15248
731,11.1023,1.79115,2.08193,1.75827,1.7282,1.76885,1.29309,1.52287,1.61678,1.07142
732,0.746914,1.65886,1.98225,1.49374,1.67888,1.73367,1.35421,1.76092,1.67272,1.24199
733,-7.47427,1.66644,2.04209,1.44575,1.76409,1.77805,1.33715,1.65789,1.67076,1.14232
734,4.84378,1.58317,2.21864,1.6432,1.57079,1.68621,1.51892,1.64084,1.68951,1.01874
735,8.19047,1.77144,2.02642,1.55241,1.74751,1.5333,1.34657,1.55627,1.67014,1.13368
736,-2.95543,1.71234,1.96234,1.5579,1.68395,1.76495,1.28527,1.87889,1.62524,1.15113
737,-28.1178,1.69704,1.8371,1.60657,1.88898,1.69189,1.43544,1.40661,1.69073,1.18216
738,-2.43962,1.86723,2.0498,1.45211,1.65152,1.80462,1.39074,1.51542,1.80222,0.97319
739,1.96948,1.88659,1.94818,1.57692,1.69187,1.69322,1.26546,1.58707,1.6637,1.3231
740,5.77184,1.66054,1.88208,1.65313,1.77696,1.89909,1.16219,1.45184,1.79958,1.05812
741,-2.82171,1.6908,2.13413,1.64826,1.898,1.68697,1.26505,1.66658,1.98087,1.18861
742,5.14942,1.62819,2.00886,1.7073,1.7255,1.76943,1.18502,1.57233,1.73928,1.07719
743,5.09315,1.79798,1.99982,1.73225,1.86683,1.53148,1.348,1.55159,1.58747,1.25332
744,10.3291,1.81657,2.15622,1.62232,1.87553,1.73668,1.39066,1.54935,1.87287,1.19705
745,-8.36651,1.83987,1.96479,1.72525,1.58212,1.77276,1.36461,1.64055,1.68333,1.11523
746,5.18286,1.77749,1.98823,1.65669,1.62287,1.69088,1.49786,1.6466,1.71306,1.28093
747,-1.63667,1.80598,1.87235,1.75966,1.88497,1.72624,1.39858,1.71705,1.7433,1.18269
748,-10.3209,1.64077,1.90899,1.60543,1.79482,1.81483,1.19914,1.55857,1.73163,1.28584
749,17.9863,1.60981,2.10985,1.51318,1.71022,1.75549,1.30272,1.55271,1.61154,1.28144
750,-13.0169,1.57779,1.97866,1.62134,1.65716,1.67319,1.26376,1.507,1.56258,1.18526
751,6.9799,1.61305,2.09687,1.65381,1.73967,1.79402,1.29024,1.53426,1.77523,1.21762
752,0.998081,1.83774,2.03663,1.58807,1.8561,1.66311,1.35006,1.62343,1.60895,1.21631
753,-2.25348,1.6659,1.99424,1.62047,1.6614,1.60784,1.42554,1.68018,1.66129,1.02542
754,-1.66955,1.54486,1.91089,1.63385,1.92036,1.79898,1.54073,1.48668,1.69305,1.10415
755,-17.9753,1.74812,1.83596,1.52283,1.78206,1.75593,1.46214,1.56099,1.76747,1.0616
756,-12.3803,1.77566,2.00347,1.7169,1.66723,1.76728,1.36167,1.64181,1.80824,1.08899
757,-14.6888,1.6391,1.99566,1.73479,1.79388,1.67386,1.18562,1.45155,1.59655,1.31513
758,-6.32936,1.72607,2.04189,1.55931,1.81526,1.56341,1.15932,1.48183,1.69345,1.03561
759,-1.7991,1.69258,2.11759,1.5454,1.85473,1.87529,1.19257,1.63233,1.70461,1.25356
760,-1.60966,1.57483,2.14998,1.64253,1.70469,1.6924,1.43716,1.48783,1.68349,0.952938
761,-2.69491,1.68364,2.11038,1.66004,1.89675,1.79528,1.34785,1.49407,1.65058,1.07355
762,0.730489,1.8649,2.12471,1.51497,1.81397,1.75553,1.3297,1.68356,1.68873,1.23125
763,-0.108573,1.68202,1.89309,1.7242,1.60935,1.83352,1.12116,1.56086,1.74976,1.23762
764,2.23213,1.81299,1.88724,1.56057,1.64567,1.74974,1.39794,1.66206,1.73016,1.05093
765,2.4535,1.5979,2.01918,1.74331,1.7763,1.71777,1.34063,1.47693,1.71659,1.17335
766,-9.68992,1.68699,1.88529,1.69101,1.62455,1.84215,1.40559,1.68896,1.77762,1.14218
767,-5.18725,1.62673,2.08977,1.72181,1.73995,1.78036,1.39271,1.53068,1.7191,1.36464
768,5.06043,1.68153,2.09112,1.56168,1.79241,1.77819,1.36778,1.58911,1.7686,1.07124
769,15.1614,1.74793,1.99459,1.61347,1.76732,1.67917,1.35655,1.68076,1.43704,1.1951
770,4.67937,1.70296,2.02658,1.58129,1.71036,1.64572,1.20635,1.54522,1.74299,1.11144
771,-0.313636,1.66752,2.11291,1.52984,1.85669,1.84697,1.3862,1.57622,1.63963,1.17345
772,0.55943,1.74159,1.92153,1.55511,1.82933,1.67093,1.3018,1.52686,1.91878,1.15737
773,-2.95764,1.74423,2.13257,1.78676,1.78141,1.76116,1.38666,1.6772,1.59876,1.0679
774,9.91372,1.66675,2.02781,1.75255,1.84977,1.89625,1.3744,1.62704,1.64008,1.29229
775,-6.82732,1.75834,1.92919,1.75614,1.64174,1.71585,1.38195,1.71789,1.92107,1.09555
776,23.7764,1.63687,1.97906,1.78103,1.88486,1.70662,1.19509,1.52193,1.58347,1.24227
777,-3.57175,1.48356,1.95383,1.71686,1.79426,1.88891,1.17426,1.46425,1.64964,1.18079
778,6.53078,1.58016,1.99307,1.71336,1.69271,1.79388,1.42986,1.55089,1.74973,1.12473
779,6.53507,1.68337,1.9273,1.77342,1.66608,1.78881,1.45086,1.69632,1.83613,1.13332
780,-5.75566,1.58898,2.1833,1.70295,1.67772,1.57494,1.19308,1.6676,1.71254,1.3105
781,-0.211895,1.67587,1.85414,1.63028,1.71916,1.74411,1.22971,1.48708,1.64248,1.21288
782,13.0787,1.65047,1.98724,1.59945,1.73426,1.81693,1.28111,1.52041,1.79644,1.02551
783,19.7548,1.6563,2.16982,1.5693,1.7857,1.76271,1.18306,1.63734,1.60078,1.14546
784,-1.50718,1.73841,2.15771,1.74364,1.73013,1.76724,1.30824,1.63801,1.75776,1.05275
785,16.5282,1.7525,1.99313,1.6109,1.77698,1.83309,1.29631,1.61725,1.63279,1.09286
786,-25.4447,1.64642,2.05079,1.68243,1.70416,1.64837,1.2736,1.61599,1.91342,0.982933
787,8.64508,1.59755,2.03417,1.62773,1.77229,1.76093,1.21155,1.55806,1.7656,1.0575
788,7.02615,1.73486,2.10221,1.52477,1.68121,1.70161,1.24976,1.61867,1.71553,1.0361
789,-6.06211,1.79028,1.95703,1.66747,1.71586,1.8229,1.42625,1.41807,1.71359,1.16897
790,0.904483,1.70236,1.94877,1.6126,1.78884,1.6634,1.34602,1.58181,1.77911,1.29085
791,10.6993,1.65853,2.06629,1.49132,1.72182,1.73884,1.31256,1.53023,1.66596,1.12892
792,16.0317,1.73807,2.27181,1.95859,1.56741,1.87105,1.40947,1.55963,1.81405,1.20838
793,-3.94209,1.65959,2.09314,1.61503,1.70994,1.63347,1.28146,1.65596,1.62607,1.12975
794,4.72654,1.76994,2.10244,1.57495,1.92427,1.76742,1.39417,1.55945,1.81453,1.15362
795,-16.6092,1.88643,2.10619,1.49773,1.81178,1.72243,1.28418,1.49811,1.78791,1.05387
796,-0.370606,1.58856,2.03512,1.76845,1.69204,1.76071,1.25468,1.52572,1.70255,1.14783
797,1.46231,1.68122,2.07357,1.6826,1.77654,1.6857,1.25406,1.37034,1.73399,1.07556
798,9.13762,1.51395,2.04133,1.78972,1.81075,1.60408,1.31289,1.59482,1.62209,1.14771
799,5.63943,1.68798,2.0465,1.5635,1.61512,1.68733,1.36737,1.75847,1.69579,1.12347
800,-3.74161,1.7848,1.82531,1.74253,1.79329,1.76259,1.32063,1.42964,1.64268,1.22592
801,8.24068,1.80131,1.95912,1.78178,1.63444,1.63836,1.29944,1.53646,1.7882,1.22224
802,-13.0747,1.67405,2.08323,1.65366,1.72935,1.64205,1.24342,1.28624,1.76963,1.11683
803,3.28318,1.66294,1.99324,1.58739,1.56602,1.81048,1.27913,1.58586,1.89889,1.23469
804,-20.4749,1.66474,2.11784,1.6251,1.81945,1.74359,1.38223,1.59916,1.66149,1.1924
805,-2.68225,1.66527,1.92085,1.73754,1.78365,1.71598,1.31775,1.61378,1.75577,1.18282
806,6.2474,1.72504,1.89333,1.70932,1.59875,1.70476,1.32938,1.46703,1.79057,1.09851
807,-9.8885,1.79717,1.86721,1.73907,1.81591,1.74593,1.20584,1.68227,1.65835,1.19377
808,12.9219,1.82826,2.14933,1.48914,1.76558,1.61694,1.21894,1.51122,1.7575,1.0626
809,12.2877,1.8748,1.97466,1.56767,1.78232,1.64007,1.28822,1.66658,1.71966,1.14363
810,-4.47769,1.83396,2.01756,1.63217,1.81244,1.80862,1.29997,1.55228,1.76401,1.09306
811,-7.48285,1.60888,2.06633,1.63024,1.83808,1.56321,1.29875,1.47695,1.70851,1.13403
812,0.740882,1.66818,2.00608,1.65307,1.85472,1.74228,1.45552,1.607,1.69343,0.884176
813,3.04779,1.57549,2.00947,1.49544,1.74851,1.69426,1.24528,1.74932,1.69305,1.031
814,-16.0997,1.81609,2.01022,1.55657,1.97859,1.67746,1.49672,1.54796,1.76288,1.12509
815,8.8051,1.5398,2.00875,1.62657,1.7274,1.70376,1.42199,1.61984,1.86995,1.09222
816,4.99138,1.55115,1.93592,1.60394,1.9281,1.63094,1.25813,1.59536,1.7511,1.02587
817,-1.09429,1.6668,2.17603,1.72532,1.75381,1.89756,1.39396,1.44653,1.81615,1.25254
818,-5.42786,1.73444,1.92506,1.65511,1.65609,1.81309,1.45862,1.51244,1.69584,1.14272
819,-11.4523,1.6217,2.0752,1.60912,1.76933,1.66134,1.5691,1.66237,1.90939,1.09966
820,-8.7939,1.84939,2.00724,1.81649,1.66684,1.65284,1.39672,1.52536,1.69484,1.09995
821,5.91375,1.83553,2.06372,1.7393,1.75282,1.6699,1.32608,1.57131,1.58922,1.1843
822,2.37097,1.70747,1.91557,1.56047,1.74599,1.63216,1.26895,1.66036,1.63826,1.31198
823,12.2865,1.92047,1.90684,1.68123,1.7069,1.64228,1.29709,1.63405,1.88017,1.01651
824,8.75504,1.65324,1.87789,1.80066,1.76374,1.82288,1.15469,1.60995,1.67537,1.02957
825,-7.19381,1.67346,2.05977,1.78623,1.68035,1.6692,1.47452,1.44228,1.60319,1.0734
826,-18.3899,1.7835,1.86631,1.45435,1.71161,1.72189,1.29349,1.62221,1.86787,1.10513
827,-6.13117,1.57739,2.06465,1.79329,1.74669,1.55711,1.30572,1.63763,1.74022,1.15778
828,-1.69412,1.71477,1.95252,1.71498,1.74732,1.67811,1.27385,1.60231,1.77922,1.19045
829,0.898255,1.96017,2.11397,1.50624,1.89524,1.59041,1.45071,1.60724,1.6355,1.17619
830,-6.4976,1.71758,1.93376,1.55078,1.74241,1.85525,1.21069,1.48491,1.59487,1.09523
831,12.1788,1.8382,2.05311,1.5829,1.84236,1.75005,1.42296,1.72788,1.72804,1.18325
832,3.3779,1.8955,1.93433,1.71806,1.85662,1.5821,1.30581,1.55614,1.67779,1.13269
833,-9.7027,1.69048,2.13587,1.60744,1.87536,1.76998,1.39403,1.67828,1.62439,1.13982
834,6.4944,1.84601,2.05175,1.6696,1.73608,1.86804,1.3178,1.46151,1.71638,1.12793
835,1.25626,1.63157,2.09367,1.66896,1.83259,1.77612,1.41979,1.60771,1.65607,1.3834
836,3.45049,1.79722,2.06323,1.62434,1.75508,1.71306,1.37605,1.55521,1.74421,1.09377
837,-2.3678,1.61999,1.95235,1.48896,1.67969,1.74949,1.36359,1.56506,1.70705,1.20629
838,1.05903,1.84169,1.97605,1.55745,1.70868,1.86492,1.37666,1.56672,1.71873,0.973542
839,-2.94872,1.62322,2.00616,1.60559,1.84699,1.73186,1.31213,1.61635,1.76667,1.07075
840,10.9656,1.66052,2.00138,1.50613,1.78506,1.69535,1.43899,1.5531,1.73869,1.09347
841,-3.16176,1.68415,2.01308,1.7073,1.7739,1.75398,1.37659,1.64904,1.75856,1.17314
842,1.33434,1.70441,2.1356,1.59019,1.66492,1.59885,1.28016,1.70488,1.75707,1.1894
843,-9.36218,1.76131,1.96798,1.7502,1.71321,1.74544,1.38768,1.5388,1.73734,1.16208
844,13.7738,1.76358,2.27881,1.5971,1.61704,1.59198,1.35013,1.71008,1.86292,1.0147
845,-16.6448,1.77491,2.05174,1.69716,1.7924,1.83753,1.36211,1.45425,1.60603,1.01494
846,-11.8731,1.62357,1.9061,1.54714,1.83614,1.69048,1.38027,1.54777,1.77768,1.16764
847,1.29973,1.86471,1.90756,1.65954,1.69103,1.57503,1.2728,1.67406,1.67275,1.2629
848,-13.4296,1.74135,1.98913,1.64237,1.77043,1.86383,1.50485,1.53253,1.70351,1.11906
849,4.31824,1.63927,1.94289,1.6178,1.74215,1.70025,1.37105,1.50775,1.71712,1.34922
850,6.37538,1.74756,1.84844,1.73801,1.74401,1.73887,1.37111,1.63377,1.76322,1.13854
851,-13.6765,1.78977,2.10172,1.64482,1.6518,1.81303,1.32044,1.60199,1.72005,1.33336
852,-5.84898,1.8405,1.88056,1.73991,1.6788,1.84826,1.36318,1.59557,1.65331,1.1581
853,13.6034,1.71745,2.09505,1.71119,1.68447,1.75901,1.40886,1.63808,1.77722,1.0813
854,1.13736,1.86744,2.09363,1.54531,1.69593,1.93404,1.41046,1.54279,1.57906,1.08809
855,0.870504,1.67914,1.88631,1.4776,1.85475,1.76964,1.21702,1.65439,1.69782,1.07245
856,6.55046,1.63099,2.0941,1.51817,1.68229,1.84559,1.37184,1.44433,1.55268,1.12143
857,1.82375,1.56471,2.05747,1.768,1.72298,1.64642,1.28911,1.55696,1.67918,1.30308
858,5.75408,1.68837,2.05263,1.72006,1.91465,1.80083,1.47827,1.63152,1.687,1.10016
859,-5.45486,1.79162,2.2178,1.7394,1.60655,1.56106,1.4851,1.52975,1.68681,1.19607
860,-5.14622,1.65046,1.92921,1.63797,1.65153,1.75522,1.44985,1.47262,1.53638,1.12647
861,-21.8996,1.73764,2.0262,1.72714,1.87519,1.77627,1.30821,1.57704,1.86492,1.11095
862,3.98696,1.84647,1.91569,1.58991,1.71873,1.66023,1.40274,1.65139,1.74515,1.17259
863,-12.4754,1.89048,1.9988,1.73704,1.69209,1.75345,1.43357,1.62651,1.69832,1.03855
864,-12.4724,1.68422,1.8984,1.60828,1.67494,1.59593,1.27097,1.63914,1.73509,1.16987
865,6.94622,1.64345,2.12689,1.71713,1.68673,1.54345,1.39924,1.62192,1.79224,1.30973
866,8.26603,1.56595,1.98888,1.57107,1.58909,1.78423,1.27625,1.60997,1.88577,1.14534
867,2.87561,1.73688,2.09646,1.78855,1.799,1.68779,1.41943,1.68527,1.63186,1.09781
868,7.71438,1.66361,1.95164,1.49184,1.73979,1.7804,1.37688,1.63599,1.58352,1.08447
869,-14.1384,1.76493,2.08886,1.59288,1.76876,1.67629,1.26259,1.7855,1.64447,1.06685
870,12.1793,1.74136,2.04212,1.75817,1.62965,1.90123,1.34386,1.5085,1.67529,1.14155
871,7.40309,1.61737,1.92467,1.64808,1.73833,1.63291,1.5178,1.46009,1.75511,1.09255
872,-14.0874,1.80282,1.81942,1.56049,1.85708,1.65824,1.39218,1.69141,1.68883,1.19958
873,14.0051,1.73833,2.05787,1.7084,1.81104,1.64798,1.24166,1.58469,1.66927,1.26237
874,-14.8816,1.77397,1.99828,1.65874,1.8641,1.62363,1.28984,1.55921,1.80224,1.25047
875,22.9853,1.79517,2.00946,1.4975,1.71242,1.72671,1.08637,1.61352,1.63552,1.16524
876,4.72194,1.66913,2.06792,1.73503,1.86331,1.63548,1.36125,1.50566,1.67042,1.11505
877,-4.23275,1.76803,1.95099,1.77305,1.78431,1.63509,1.20918,1.48975,1.83069,1.29134
878,4.16364,1.60984,2.15196,1.52879,1.84233,1.79692,1.30697,1.50603,1.74556,1.14375
879,10.0163,1.7144,2.05416,1.68182,1.64134,1.67663,1.37073,1.552,1.67909,1.23223
880,-14.6871,1.69297,2.04331,1.64102,1.77873,1.80576,1.31634,1.50962,1.87056,1.29026
881,-1.57091,1.75684,2.08291,1.76269,1.76315,1.69508,1.33496,1.61373,1.60124,1.23052
882,9.79003,1.8059,1.93804,1.70627,1.84041,1.66406,1.22281,1.56151,1.83867,1.02887
883,-5.63941,1.64713,2.08168,1.6328,1.77917,1.84568,1.35728,1.48338,1.67751,1.02426
884,5.02428,1.60971,2.03605,1.72486,1.78323,1.89298,1.24618,1.56778,1.58797,1.24175
885,-22.9809,1.82255,2.00362,1.63621,1.7822,1.79125,1.21584,1.49751,1.77078,1.04419
886,-18.6502,1.79265,1.95612,1.75311,1.63186,1.8116,1.15934,1.58604,1.47875,1.19637
887,4.97873,1.6351,1.93301,1.60841,1.94643,1.60648,1.20589,1.66091,1.81726,1.20375
888,9.91698,1.61626,1.90904,1.61453,1.74223,1.76317,1.38078,1.61017,1.54907,1.17079
889,5.97871,1.62017,2.07314,1.62316,1.69355,1.73183,1.33399,1.54726,1.68946,1.15699
890,-2.87475,1.85134,1.9497,1.63457,1.6961,1.85251,1.37083,1.49985,1.64374,1.15621
891,-0.442135,1.8197,1.90258,1.59564,1.6988,1.77412,1.28993,1.58669,1.60083,1.14639
892,1.70168,1.7563,2.02188,1.5592,1.84279,1.79089,1.2511,1.49849,1.71176,1.07272
893,-12.3646,1.6514,2.04612,1.70086,1.74336,1.61981,1.24764,1.69832,1.70136,1.3035
894,-13.0388,1.79986,2.01105,1.483,1.7048,1.81515,1.35835,1.63267,1.62592,0.916526
895,-2.89526,1.68604,1.95249,1.8002,1.85615,1.67407,1.49428,1.57123,1.8502,1.32158
896,-1.4627,1.69217,1.93927,1.69577,1.71999,1.6449,1.45398,1.63841,1.85225,1.10191
897,12.3179,1.77288,1.96681,1.63788,1.71306,1.66167,1.3099,1.67226,1.71259,1.22672
898,2.29923,1.57643,2.00898,1.54149,1.67274,1.51531,1.31961,1.45644,1.74168,1.11511
899,5.82822,1.84949,2.17635,1.54782,1.7204,1.88303,1.34248,1.54436,1.68551,1.14102
900,11.7552,1.71823,2.00375,1.78829,1.78751,1.81354,1.39407,1.43855,1.55487,1.10892
901,-13.7056,1.82237,1.92784,1.60699,1.87146,1.74527,1.31693,1.32715,1.70724,1.0626
902,2.87066,1.89611,1.96675,1.63251,1.86247,1.69696,1.25159,1.40715,1.72203,1.07365
903,-1.43041,1.72307,1.89062,1.5915,1.78049,1.71394,1.23732,1.53981,1.65302,1.05993
904,2.42588,1.83484,2.02087,1.74019,1.71999,1.61333,1.33642,1.74046,1.49467,1.04997
905,0.643837,1.57831,1.85147,1.56901,1.81349,1.73917,1.37568,1.48719,1.70767,1.24474
906,-1.93589,1.82904,2.03639,1.74171,1.6579,1.67442,1.28887,1.56567,1.74389,1.26017
907,-1.77421,1.57308,2.0005,1.73771,1.87718,1.85136,1.443,1.53621,1.72838,0.981455
908,-15.0014,1.72829,2.00327,1.7853,1.68716,1.76863,1.23307,1.53733,1.85914,1.08681
909,-2.52357,1.57048,2.10651,1.50915,1.67191,1.87251,1.41063,1.56948,1.70714,1.28251
910,0.25112,1.78807,1.94563,1.66102,1.79762,1.62623,1.43999,1.50153,1.78512,1.03094
911,3.60188,1.79976,2.04124,1.66517,1.72793,1.53114,1.19924,1.62928,1.65793,1.14546
912,13.5977,1.72308,1.96423,1.79847,1.6141,1.69172,1.25396,1.63765,1.72097,1.10026
913,5.07012,1.88492,2.0508,1.63182,1.96316,1.75886,1.30862,1.50006,1.69667,1.16064
914,-12.3875,1.76564,2.04051,1.79136,1.68988,1.67372,1.2488,1.66677,1.75063,1.12246
915,4.82877,1.73406,1.99732,1.6148,1.91928,1.81306,1.30983,1.63025,1.58557,1.06025
916,4.44461,1.59234,2.20324,1.62073,1.56589,1.59714,1.30726,1.64072,1.8231,0.901799
917,5.00416,1.75921,1.86423,1.74228,1.81373,1.58862,1.41168,1.70681,1.63324,0.956958
918,10.8598,1.63182,1.86228,1.65938,1.94129,1.69924,1.47412,1.67809,1.79347,1.17873
919,-11.287,1.58558,2.15721,1.70583,1.64114,1.75343,1.4715,1.56774,1.67855,1.26394
920,8.72482,1.78531,1.79179,1.54748,1.80113,1.63812,1.31453,1.59246,1.75037,1.1256
921,-8.79522,1.63849,2.19901,1.67862,1.72308,1.90221,1.35433,1.63462,1.58695,1.26081
922,12.2731,1.58458,2.07771,1.56827,1.6317,1.94285,1.28131,1.4377,1.82777,1.17652
923,-0.923353,1.67528,1.94602,1.77614,1.98637,1.64635,1.50375,1.64398,1.66231,1.2542
924,1.5611,1.70545,1.89853,1.78731,1.88065,1.78057,1.38698,1.57928,1.80662,1.10886
925,5.73445,1.64609,1.98255,1.6908,1.68315,1.77739,1.47236,1.56663,1.6201,1.22074
926,6.85818,1.80301,2.14612,1.72772,1.64997,1.79231,1.40207,1.502,1.6484,1.21529
927,7.61761,1.5695,1.87095,1.60834,1.81843,1.6127,1.30365,1.64366,1.7393,1.08647
928,-5.15363,1.7008,1.95129,1.66722,1.76136,1.68033,1.42177,1.56178,1.72435,1.31721
929,5.64897,1.68219,1.99516,1.76024,1.72013,1.53651,1.22556,1.47796,1.64714,1.23146
930,4.84034,1.54639,1.98431,1.40967,1.79467,1.84178,1.51824,1.61307,1.49995,1.15708
931,7.0533,1.62037,1.99255,1.59774,1.79475,1.79957,1.35764,1.63747,1.73338,1.22674
932,1.89855,1.83635,1.95399,1.56882,1.81357,1.72927,1.31225,1.58768,1.66677,1.30753
933,-1.02819,1.83079,1.93646,1.66315,1.79767,1.73198,1.27332,1.51028,1.76797,1.21956
934,6.98306,1.63217,1.9406,1.7916,1.89663,1.58033,1.38082,1.57414,1.73547,1.11972
935,4.91109,1.81357,2.02863,1.61362,1.74123,1.68425,1.3984,1.64473,1.70478,1.1324
936,0.942639,1.76499,2.09784,1.61317,1.7909,1.70585,1.37944,1.72441,1.74263,1.21692
937,-3.93837,1.77307,2.07888,1.63947,1.73429,1.71606,1.30462,1.63915,1.75424,1.15669
938,7.77949,1.52896,2.09382,1.52071,1.5815,1.73299,1.52156,1.51059,1.69331,1.2027
939,10.6945,1.73999,1.98779,1.80371,1.91318,1.69682,1.37011,1.65667,1.83242,1.21738
940,9.71143,1.69346,1.96518,1.77758,1.72897,1.70024,1.28691,1.58895,1.62052,1.03496
941,15.5155,1.71403,1.9999,1.46544,1.71227,1.66532,1.48307,1.43318,1.71966,1.2289
942,-11.0275,1.74092,2.14605,1.58726,1.76739,1.7504,1.3904,1.6978,1.78236,0.976522
943,4.13659,1.57467,2.00359,1.67366,1.56114,1.90307,1.38957,1.6859,1.60792,1.14826
944,20.6333,1.826,2.11216,1.57314,1.7081,1.84499,1.25253,1.62897,1.61132,1.02786
945,4.62352,1.89175,2.03301,1.50475,1.80329,1.77686,1.24378,1.61728,1.59621,0.995187
946,0.514617,1.73596,1.80542,1.56245,1.76572,1.6928,1.34476,1.52534,1.69642,1.2629
947,-13.3799,1.76098,2.05976,1.67151,1.84229,1.85467,1.35181,1.51738,1.7851,1.24366
948,-8.00522,1.95878,2.12112,1.53499,1.6432,1.83994,1.39966,1.78104,1.75782,1.11448
949,20.8836,1.83796,1.97417,1.66498,1.80314,1.63357,1.3352,1.62882,1.61199,1.19506
950,4.12724,1.7151,2.14945,1.65561,1.87486,1.76407,1.35362,1.36729,1.7121,1.22735
951,15.1097,1.70294,1.97471,1.58967,1.92201,1.84249,1.44262,1.5064,1.6469,1.18874
952,6.29965,1.63,1.92099,1.62045,1.66564,1.70267,1.24631,1.64701,1.68352,1.23804
953,4.8097,1.64347,1.99229,1.61565,1.63384,1.82998,1.31833,1.49834,1.7699,1.17164
954,7.40262,1.67879,2.11672,1.69741,1.89408,1.582,1.30067,1.58027,1.78206,1.12854
955,-13.3291,1.71258,2.05729,1.52083,1.73752,1.68924,1.23493,1.54965,1.72507,1.14058
956,-7.13009,1.61052,2.04979,1.69438,1.9221,1.66081,1.31944,1.64438,1.65672,1.07136
957,7.13683,1.69124,2.10236,1.7255,1.54793,1.90431,1.29925,1.45965,1.58065,1.28564
958,-22.2852,1.53778,1.8958,1.68748,1.80675,1.75503,1.31985,1.65895,1.72114,1.14666
959,15.9109,1.70942,1.99196,1.54669,1.75053,1.74259,1.20572,1.50015,1.78011,1.07274
960,1.02345,1.69577,1.88451,1.61829,1.71486,1.56709,1.33237,1.5701,1.68966,1.21346
961,10.8863,1.81391,2.09979,1.64802,1.71337,1.63753,1.49618,1.6671,1.58389,1.25204
962,18.6913,1.54871,1.88482,1.68522,1.7947,1.80481,1.42084,1.67211,1.65888,1.19894
963,-0.973387,1.69876,1.89314,1.47349,1.55382,1.6863,1.60693,1.65303,1.80286,1.1659
964,-4.16607,1.79501,1.91019,1.63426,1.97857,1.68638,1.2773,1.76734,1.80499,1.15329
965,-1.61745,1.71784,1.95073,1.71299,1.62203,1.78551,1.30215,1.6091,1.6937,1.07257
966,-4.29395,1.77015,2.04279,1.63667,1.71921,1.88407,1.52796,1.53479,1.69136,1.09305
967,-7.65211,1.75383,2.18902,1.56935,1.58441,1.85813,1.3265,1.73257,1.68532,1.24399
968,0.745932,1.629,1.97685,1.81299,1.74575,1.61618,1.43875,1.41161,1.71258,1.20225
969,9.27348,1.7019,2.0586,1.64429,1.80791,1.69598,1.40634,1.66315,1.78927,1.29117
970,-2.97382,1.69151,2.00225,1.52616,1.76359,1.89877,1.25024,1.55974,1.82456,1.17629
971,-9.01885,1.6695,2.00702,1.64753,1.87457,1.86925,1.47985,1.71523,1.79155,1.23833
972,-4.24725,1.87164,1.93775,1.59078,1.71643,1.69578,1.52132,1.62841,1.59764,1.11419
973,-6.46343,1.84746,2.12391,1.59726,1.76239,1.65145,1.23138,1.64239,1.77097,1.19862
974,7.69307,1.63553,2.00324,1.58253,1.62196,1.7912,1.30733,1.72562,1.67172,1.13364
975,0.971664,1.67538,1.93339,1.7588,1.81322,1.86922,1.34446,1.69086,1.61609,1.21638
976,-8.23365,1.78254,2.05166,1.628,1.84004,1.74309,1.19329,1.59822,1.70327,1.07817
977,-8.70529,1.78086,2.14046,1.79143,1.82509,1.67896,1.32277,1.53722,1.4979,1.20694
978,4.32077,1.67881,1.82647,1.72055,1.78927,1.7904,1.36018,1.52197,1.67646,1.13191
979,15.4408,1.84522,1.94981,1.76231,1.67289,1.69394,1.28608,1.58636,1.66096,1.21219
980,-1.58352,1.63269,2.08632,1.65674,1.87616,1.72371,1.41344,1.54239,1.65606,1.13503
981,-5.29182,1.60908,1.91819,1.76683,1.88608,1.82621,1.33247,1.74522,1.73947,1.24822
982,-2.99358,1.66512,1.93953,1.67828,1.77613,1.86606,1.36168,1.57257,1.75434,1.07483
983,4.49876,1.71949,1.89572,1.57594,1.64789,1.76787,1.3288,1.60087,1.72945,1.16811
984,-11.8196,1.6953,1.9773,1.61666,1.79108,1.74472,1.2911,1.6217,1.65991,1.02053
985,-0.804557,1.73945,2.0922,1.58524,1.94138,1.61532,1.28181,1.47466,1.83193,1.27291
986,-9.41745,1.7001,1.96265,1.74387,1.69368,1.85764,1.33395,1.58893,1.63667,1.22603
987,3.06522,1.81051,1.99617,1.65356,1.81227,1.66486,1.5002,1.7545,1.71479,1.34806
988,8.28217,1.86092,1.87565,1.70448,1.87086,1.83402,1.55826,1.69021,1.72291,1.29455
989,11.9845,1.59863,2.00762,1.34107,1.70524,1.79277,1.25383,1.61547,1.55942,1.23785
990,0.499131,1.6861,2.12436,1.56003,1.73891,1.74089,1.28834,1.56597,1.68516,1.11694
991,20.8214,1.65603,1.95579,1.76921,1.79391,1.77792,1.32502,1.53853,1.75731,1.26339
992,-5.04905,1.62828,1.82928,1.62576,1.79752,1.77542,1.38182,1.63427,1.60003,1.07049
993,-1.75461,1.78798,1.95378,1.71381,1.59297,1.70395,1.31646,1.60891,1.663,1.18528
994,20.7003,1.55974,1.98353,1.80893,1.71238,1.6965,1.41159,1.46576,1.86609,1.1978
995,-0.150541,1.82423,2.01182,1.48751,1.7369,1.75202,1.4192,1.56822,1.86206,0.975444
996,6.53909,1.60691,2.04796,1.60651,1.7898,1.6207,1.26594,1.69615,1.61967,1.06512
997,-11.1097,1.77823,1.94164,1.52555,1.75618,1.65937,1.25803,1.52165,1.74597,1.08866
998,-12.6629,1.723,2.03219,1.58947,1.67708,1.82138,1.44542,1.44328,1.7042,1.27203
999,-13.5353,1.6803,1.94644,1.57709,1.67471,1.66809,1.34208,1.57365,1.73424,1.28465
